Episode,Captures,EscortRate,RoleDiversityRate,AvgCarrierSurvivalTime,EpisodeLength
1,0,0.0000,0.0000,0.00,0
2,1,0.3692,1.5809,25.26,1422
3,1,0.1166,1.4481,11.22,549
4,1,0.3539,1.2380,11.34,647
5,1,0.0000,1.8083,6.36,673
6,1,0.1634,1.6858,13.62,557
7,1,0.1619,1.9781,15.88,729
8,1,0.1758,1.6671,17.10,745
9,1,0.0000,1.6437,13.70,609
10,1,0.0000,1.2863,16.50,723
11,1,0.5323,1.4821,13.24,558
12,1,0.1312,1.6749,12.98,686
13,1,0.2818,1.7212,13.78,685
14,1,0.0101,1.9581,12.76,597
15,1,0.3123,1.5566,13.90,618
16,1,0.2141,1.3129,13.28,668
17,1,0.0000,1.4293,16.16,834
18,1,0.4167,1.2869,13.94,732
19,1,1.1029,1.2809,14.32,719
20,1,0.1416,1.1707,12.84,791
21,1,0.9268,1.2196,14.42,847
22,1,0.4812,1.2807,16.80,823
23,1,0.7558,1.1243,16.18,901
24,1,0.1585,1.6323,13.48,631
25,1,0.2217,1.1931,13.16,663
26,1,0.2791,1.3860,11.78,627
27,1,0.3012,1.8188,18.28,1192
28,1,0.2802,1.5645,12.22,721
29,1,0.4416,1.3710,16.14,822
30,1,0.0817,1.1839,15.78,832
31,1,0.7396,1.4920,15.28,626
32,1,0.3501,1.6350,9.58,537
33,1,0.4084,1.7291,16.24,742
34,1,0.3863,1.6959,16.12,730
35,1,0.1164,1.9537,11.60,627
36,1,0.2067,1.7136,12.62,653
37,1,0.2013,1.8529,13.70,775
38,1,0.0474,1.5482,12.26,591
39,1,0.8274,1.7325,13.74,643
40,1,0.2419,1.7781,11.36,649
41,1,0.2153,1.4659,12.78,734
42,1,0.2068,1.9781,16.18,730
43,1,0.0000,1.9090,11.92,725
44,1,0.0000,0.9342,8.78,684
45,1,0.3020,1.4939,16.54,735
46,1,0.2738,1.6033,18.00,968
47,1,0.5365,1.4489,17.44,753
48,1,0.0355,1.5361,17.76,817
49,1,0.0000,1.3537,14.18,574
50,1,0.0000,1.2195,16.46,647
51,1,0.4709,1.2262,21.70,1030
52,1,0.0512,1.1911,7.26,586
53,1,0.1085,1.5216,15.70,765
54,1,0.1952,1.5818,11.86,538
55,1,0.1283,1.1883,7.34,600
56,1,0.0470,1.3647,6.92,617
57,1,0.2513,1.1821,10.10,593
58,1,0.1878,1.3867,7.08,543
59,1,0.2252,1.1748,12.82,755
60,1,0.0267,1.6196,6.44,673
61,1,0.1165,1.2879,13.46,601
62,1,0.2126,1.7076,14.30,701
63,1,0.2474,1.9412,13.08,578
64,1,0.1577,1.9462,12.80,558
65,1,0.1687,0.9239,13.88,670
66,1,0.1035,1.4174,7.38,599
67,1,0.3994,1.6191,16.94,701
68,1,0.2652,1.6298,14.18,886
69,1,0.6890,1.6130,11.20,553
70,1,0.5388,1.2694,12.98,787
71,1,0.3252,1.9647,13.32,652
72,1,0.2459,1.6757,16.72,740
73,1,0.1994,0.4548,12.10,697
74,1,0.0031,1.1852,13.56,637
75,1,0.0079,1.3197,5.96,635
76,1,0.4461,1.3544,13.94,742
77,1,0.1413,1.0096,10.66,729
78,1,0.2884,1.0884,10.62,645
79,1,0.2083,1.4486,16.38,749
80,1,0.2565,1.5048,13.70,729
81,1,0.6007,1.2960,17.82,919
82,1,0.1154,1.1849,10.28,806
83,1,0.2966,1.3990,16.76,1025
84,1,0.1303,1.5776,15.20,760
85,1,0.1233,0.9745,15.66,746
86,1,0.2000,1.3519,10.10,645
87,1,0.2882,1.3311,16.20,909
88,1,0.3937,1.1485,13.22,734
89,1,0.2074,0.9455,13.64,1302
90,1,0.5336,1.2285,11.50,639
91,1,0.1534,1.7156,13.90,756
92,1,0.2203,1.2754,18.92,1035
93,1,0.8068,1.3986,18.78,735
94,1,0.1740,1.4213,11.46,724
95,1,0.0014,1.5689,16.50,733
96,1,0.2320,1.3558,12.64,638
97,1,0.0543,1.8875,10.76,773
98,1,0.2686,1.8948,15.72,618
99,1,0.0000,1.9644,5.64,533
100,1,0.0188,1.1438,12.32,584
101,1,0.2352,1.8384,15.12,829
102,1,0.0852,1.5546,8.72,669
103,1,0.1444,1.2967,7.92,637
104,1,0.5995,1.6417,21.14,854
105,1,0.0594,1.5414,10.84,556
106,1,0.7249,0.9593,22.64,1007
107,1,0.0863,1.0704,8.04,568
108,1,0.5140,1.0728,13.64,714
109,1,0.2884,1.0713,8.22,645
110,1,0.0000,1.5372,19.02,793
111,1,0.1257,1.6475,12.16,573
112,1,0.1103,1.3879,13.34,580
113,1,0.3155,1.2534,11.36,821
114,1,0.2197,1.9801,21.46,1056
115,1,0.1039,1.6181,12.50,597
116,1,0.3182,1.5627,13.42,638
117,1,0.3242,0.7582,18.30,947
118,1,0.4912,1.4470,20.38,1018
119,1,0.4694,1.1052,8.42,637
120,1,0.1880,1.7551,11.14,633
121,1,0.2610,1.6163,14.60,774
122,1,0.1236,0.9588,10.66,801
123,1,0.3449,1.5447,17.98,951
124,1,0.2746,1.5355,14.98,732
125,1,0.6976,1.0947,10.54,549
126,1,0.3615,1.2832,10.22,805
127,1,0.2591,1.3385,12.30,579
128,1,0.2839,1.2363,9.14,546
129,1,0.0037,1.3655,10.74,539
130,1,0.2027,1.5587,10.56,528
131,1,0.2303,1.8184,10.06,534
132,1,0.1173,0.9777,10.40,537
133,1,0.5971,1.2876,18.54,963
134,1,0.3805,1.4876,11.70,728
135,1,0.3068,1.0486,10.42,740
136,1,0.0813,0.9326,10.14,935
137,1,0.0593,1.9826,15.48,691
138,1,0.2005,1.3130,19.54,738
139,1,0.3534,1.7512,16.86,832
140,1,0.3257,1.5151,14.30,961
141,1,0.2912,1.3214,16.58,728
142,1,0.0887,1.6939,8.58,846
143,1,0.0385,1.4746,6.58,571
144,1,0.3792,1.3713,20.86,886
145,1,0.1716,1.8153,8.94,536
146,1,0.3417,1.2500,14.86,720
147,1,0.3821,1.5542,16.98,1052
148,1,0.0199,1.6476,13.82,752
149,1,0.4392,1.4308,13.10,715
150,1,0.4167,1.9487,11.50,624
151,1,0.3315,1.4726,15.86,929
152,1,0.4767,1.6722,13.58,665
153,1,0.1391,1.5160,15.08,719
154,1,0.0566,1.0946,17.10,1343
155,1,0.1193,1.9725,12.80,763
156,1,0.5633,1.4090,13.32,758
157,1,0.2334,1.3404,10.92,617
158,1,0.3304,1.3116,9.92,905
159,1,0.0534,1.5594,9.30,581
160,1,0.0772,1.0080,11.86,622
161,1,0.7084,1.6453,19.20,967
162,1,0.8465,0.9682,13.08,723
163,1,0.3971,1.5117,19.56,899
164,1,0.0956,1.8452,11.96,659
165,1,0.0000,1.5871,6.10,603
166,1,0.3550,1.2456,12.08,676
167,1,0.0859,1.4869,12.42,955
168,1,0.0601,1.4391,10.82,649
169,1,0.0401,1.1939,18.86,748
170,1,0.7085,1.4386,17.42,741
171,1,0.2280,1.0969,11.76,1022
172,1,0.4652,1.4631,14.00,976
173,1,0.4690,1.1281,8.34,968
174,1,0.1104,0.9936,12.38,625
175,1,0.0601,0.9003,8.18,682
176,1,0.2888,1.3314,5.92,516
177,1,0.1356,1.5261,13.48,671
178,1,0.5159,1.1465,12.44,628
179,1,0.2341,1.4487,16.90,1072
180,1,0.2216,1.2462,10.38,528
181,1,0.3551,1.3093,16.02,721
182,1,0.0000,1.6774,13.56,561
183,1,0.0370,1.7608,14.16,648
184,1,0.1501,1.5291,12.72,773
185,1,0.1195,1.3118,13.94,728
186,1,0.3871,1.1846,13.86,948
187,1,0.0078,1.3649,13.82,644
188,1,0.0551,1.3489,8.44,599
189,1,0.0900,0.9586,13.58,700
190,1,0.0000,1.6679,16.94,837
191,1,0.3438,1.7257,13.36,762
192,1,0.0769,1.1800,8.72,650
193,1,0.0025,1.7768,13.68,811
194,1,0.0582,1.3476,12.86,653
195,1,0.3662,1.2097,10.56,639
196,1,0.0149,1.4597,15.86,942
197,1,0.2981,1.8926,12.96,540
198,1,0.0668,1.7222,17.98,853
199,1,0.1864,1.2237,8.52,617
200,1,0.0204,1.1426,10.84,589
201,1,0.0000,1.5988,10.58,653
202,1,0.0000,1.6186,11.78,679
203,1,0.3064,1.3374,15.80,904
204,1,0.1723,1.4791,12.36,766
205,1,0.6939,0.8356,20.14,1235
206,1,0.5464,1.0626,24.22,1486
207,1,0.1709,0.9413,10.66,749
208,1,0.0440,1.5090,15.66,613
209,1,0.0000,1.7630,12.12,637
210,1,0.1459,1.4979,7.66,699
211,1,0.2003,1.1447,11.50,629
212,1,0.4867,1.6679,20.54,828
213,1,0.2749,1.6932,12.68,753
214,1,0.3618,1.5022,18.68,912
215,1,0.4358,1.2556,21.08,982
216,1,0.3644,1.6030,15.50,675
217,1,0.2252,1.2409,8.66,635
218,1,0.0841,1.7150,8.18,642
219,1,0.5512,1.1759,20.10,762
220,1,0.1712,1.6481,15.38,736
221,1,0.0999,1.3249,9.18,671
222,1,0.1472,1.6777,15.90,788
223,1,0.1016,1.0159,12.96,630
224,1,0.0616,1.6110,6.12,617
225,1,0.5961,1.6018,12.98,879
226,1,0.3289,1.0610,19.24,754
227,1,0.4778,1.0168,14.10,835
228,1,0.6563,1.3449,13.02,838
229,1,0.1131,1.7883,10.06,548
230,1,0.3080,0.9911,14.42,672
231,1,0.1020,1.5980,5.34,490
232,1,0.6908,1.2752,18.72,941
233,1,0.6537,1.2846,16.22,745
234,1,0.2523,1.9528,12.60,551
235,1,0.2262,1.7348,19.44,871
236,1,0.2770,1.6549,14.98,823
237,1,0.4737,1.2261,19.30,836
238,1,0.5482,1.4179,16.22,737
239,1,0.1033,1.2750,15.24,600
240,1,0.1328,1.7903,15.44,806
241,1,0.3684,1.6380,18.90,1083
242,1,0.3751,0.9968,19.22,933
243,1,0.7000,1.9159,14.10,630
244,1,0.1299,1.7781,14.78,739
245,1,0.3956,1.5057,22.48,1054
246,1,0.0679,1.4077,11.74,677
247,1,0.1403,1.5204,14.04,663
248,1,0.1617,1.7315,14.52,674
249,1,0.1643,1.5571,12.86,639
250,1,0.0777,1.1240,12.42,734
251,1,0.2249,1.2492,11.94,618
252,1,0.1472,1.4910,18.56,829
253,1,0.3271,1.3310,12.70,1012
254,1,0.2490,1.4674,10.76,783
255,1,0.3781,1.1558,15.16,841
256,1,0.3593,1.3807,11.92,654
257,1,0.0981,1.3564,10.48,724
258,1,0.5964,1.4272,14.72,721
259,1,0.1659,1.8223,11.68,681
260,1,1.2684,0.9355,22.06,868
261,1,0.2299,1.5477,10.94,535
262,1,0.3564,1.8056,16.28,679
263,1,0.1903,1.1568,15.68,657
264,1,0.4345,1.1193,24.80,1031
265,1,0.0041,1.6808,14.88,733
266,1,0.0000,1.9254,6.22,536
267,1,0.1974,1.5634,12.94,623
268,1,0.7239,0.8265,11.38,565
269,1,0.4889,1.4148,15.98,810
270,1,0.1150,1.7518,10.14,713
271,1,0.0192,1.2936,16.72,729
272,1,0.4783,1.1559,13.46,853
273,1,0.5215,0.9477,8.90,650
274,1,0.7531,1.5124,15.48,644
275,1,0.2072,1.4269,17.08,1279
276,1,0.0000,1.6911,7.80,518
277,1,0.2438,1.7325,13.66,931
278,1,0.5007,1.1739,18.10,719
279,1,0.4594,1.5942,14.26,653
280,1,1.2830,1.1141,20.20,894
281,1,0.0000,1.8835,12.72,635
282,1,0.8128,1.0998,10.20,641
283,1,0.1436,1.9291,13.34,564
284,1,0.1751,1.6961,11.26,668
285,1,0.0345,1.6379,10.62,580
286,1,0.5463,0.8955,14.88,842
287,1,0.1029,1.7243,14.20,758
288,1,0.6125,0.8258,14.54,689
289,1,0.0140,1.2512,11.92,641
290,1,0.5044,1.4533,17.26,900
291,1,0.3971,1.0872,10.44,768
292,1,0.3012,1.4349,12.94,860
293,1,0.1482,1.5480,21.94,1073
294,1,0.2960,0.9710,11.88,723
295,1,0.2576,1.3803,11.30,660
296,1,0.0872,1.2325,13.50,757
297,1,0.4397,1.4021,12.78,746
298,1,0.2173,1.2330,8.04,764
299,1,0.2303,1.7022,12.36,534
300,1,0.1991,1.5213,12.04,633
301,1,0.0464,1.7768,13.36,690
302,1,0.1242,1.7404,12.14,628
303,1,0.3952,1.2746,10.18,630
304,1,0.2160,1.7095,10.76,537
305,1,0.7015,1.0292,16.50,891
306,1,0.1992,0.8202,12.38,1029
307,1,0.0229,1.5298,15.10,655
308,1,0.2688,1.9550,13.66,666
309,1,0.5358,1.0540,11.36,685
310,1,1.0055,1.3775,11.22,543
311,1,0.5438,1.1976,16.44,901
312,1,0.0523,1.4282,12.92,822
313,1,0.4977,1.2874,15.94,661
314,1,0.2772,1.3406,12.32,552
315,1,0.2903,1.2380,12.82,689
316,1,0.0942,1.3293,19.04,817
317,1,0.1752,1.1347,12.74,913
318,1,0.0490,1.4135,9.86,694
319,1,0.0000,0.9508,12.20,833
320,1,0.0000,1.3415,10.54,738
321,1,0.1720,1.6417,8.52,628
322,1,0.4718,1.2543,10.60,763
323,1,0.1203,1.7459,14.84,740
324,1,0.0665,1.6213,15.86,993
325,1,0.0809,1.4485,11.74,680
326,1,0.1986,1.2571,10.78,735
327,1,0.5099,1.9651,15.56,659
328,1,0.2264,1.5736,11.64,605
329,1,0.6731,1.6095,16.30,676
330,1,0.1374,1.2735,16.94,808
331,1,0.5229,1.0760,13.08,763
332,1,0.7643,0.8978,15.48,734
333,1,0.1248,1.3775,11.58,657
334,1,0.1910,1.3881,11.94,670
335,1,0.1567,1.8417,12.58,619
336,1,0.2898,1.5080,15.06,628
337,1,0.2394,1.8983,13.96,639
338,1,0.0108,1.6799,10.46,553
339,1,0.1211,1.8021,11.34,677
340,1,0.4659,1.3870,15.20,646
341,1,0.1829,1.9101,16.92,656
342,1,0.0205,1.3724,10.02,537
343,1,0.1138,1.2837,15.24,624
344,1,0.6057,1.2090,15.06,804
345,1,0.0895,1.6456,14.06,570
346,1,0.3650,0.9294,13.66,822
347,1,0.5913,1.8029,17.54,756
348,1,0.1689,1.7158,13.32,746
349,1,0.4931,1.1804,14.16,726
350,1,0.2367,1.1817,13.50,600
351,1,0.1420,1.4504,10.34,655
352,1,0.0000,1.7357,7.24,681
353,1,0.5060,1.0651,12.34,830
354,1,0.2770,1.3850,16.34,917
355,1,0.0613,1.2626,11.60,636
356,1,0.3470,0.9754,10.44,732
357,1,0.1996,1.9029,8.58,546
358,1,0.3364,1.6221,17.12,770
359,1,0.4391,1.3871,8.48,558
360,1,0.3829,0.9910,13.44,666
361,1,0.1125,1.7179,9.38,560
362,1,0.3194,1.0236,8.18,551
363,1,0.2642,1.2263,14.00,632
364,1,0.5871,1.9580,17.74,666
365,1,0.2140,1.6163,13.34,701
366,1,0.3075,1.6911,13.48,683
367,1,0.2606,1.7121,9.00,587
368,1,0.4353,1.7331,11.96,873
369,1,0.2606,1.1330,8.72,564
370,1,0.5869,1.3662,11.58,639
371,1,0.1863,1.2821,22.64,918
372,1,0.5904,1.2840,9.28,581
373,1,0.3024,0.8214,15.00,840
374,1,0.4922,1.1044,12.26,642
375,1,0.5424,1.1521,16.38,743
376,1,0.0156,1.4103,14.14,641
377,1,0.8488,1.4007,21.56,1078
378,1,0.5632,1.2529,10.48,696
379,1,0.2535,1.9029,20.60,927
380,1,0.4150,1.1421,9.52,535
381,1,0.5542,1.2324,16.14,951
382,1,0.6257,0.9254,15.74,764
383,1,0.2669,1.2242,21.98,1008
384,1,0.0000,1.2366,11.18,558
385,1,0.2617,0.5815,13.14,1154
386,1,0.0199,1.6714,7.96,703
387,1,0.2800,0.9733,12.64,750
388,1,0.6651,1.2127,13.50,630
389,1,0.0249,1.3897,12.66,603
390,1,0.0860,1.0906,9.18,651
391,1,0.2996,1.2474,15.46,671
392,1,0.4857,1.1959,14.62,735
393,1,0.1402,1.0654,6.70,642
394,1,0.4213,1.8036,19.84,769
395,1,0.0922,1.7378,11.86,553
396,1,0.0247,1.5556,11.44,648
397,1,0.0543,1.7430,13.84,1031
398,1,0.5701,1.3315,15.88,742
399,1,0.4782,1.1030,14.02,757
400,1,0.1071,1.6331,10.28,635
401,1,0.6550,1.2738,20.14,829
402,1,0.1041,1.5360,8.92,653
403,1,0.1935,1.3716,13.38,584
404,1,0.0232,1.3555,12.32,647
405,1,0.3063,1.4825,11.76,630
406,1,0.0000,1.7464,12.30,556
407,1,0.1570,1.2461,13.14,841
408,1,0.1407,1.4180,15.38,732
409,1,0.0000,1.5855,10.12,608
410,1,0.3756,1.6745,14.98,639
411,1,0.0000,1.0733,9.12,737
412,1,0.0344,1.6497,17.36,668
413,1,0.3354,1.4814,13.32,644
414,1,0.1963,1.2617,12.76,642
415,1,0.1325,1.1510,19.90,755
416,1,0.0777,1.1123,12.60,721
417,1,0.3440,1.6095,12.82,840
418,1,0.5405,1.2197,15.80,851
419,1,0.4492,1.5436,15.42,699
420,1,0.0000,1.6170,11.50,658
421,1,0.0920,1.5139,13.20,576
422,1,0.0000,1.8621,17.70,718
423,1,0.1646,0.7658,13.48,978
424,1,0.0000,1.3527,11.66,584
425,1,0.0449,1.6859,17.06,780
426,1,0.3506,1.1682,12.36,636
427,1,0.0874,1.2664,8.64,732
428,1,0.0290,1.8805,8.06,586
429,1,0.0676,0.8514,13.66,740
430,1,0.0505,1.4618,8.58,654
431,1,0.7599,0.7387,15.14,708
432,1,0.2019,1.1258,13.20,644
433,1,0.2665,1.5100,13.24,653
434,1,0.3393,1.7798,12.70,613
435,1,0.0250,1.7520,6.28,641
436,1,0.6442,1.7841,12.00,579
437,1,0.3570,1.5383,11.86,535
438,1,0.1287,1.7127,12.82,637
439,1,0.2616,1.8571,10.88,581
440,1,0.3636,0.9905,14.56,737
441,1,0.2295,1.4022,12.66,828
442,1,0.0763,1.1807,14.58,642
443,1,0.0000,1.4569,8.32,615
444,1,0.8879,1.1466,18.74,812
445,2,0.0000,1.4891,7.12,685
446,1,0.2385,1.2608,14.98,671
447,1,0.0000,1.1743,12.12,591
448,1,0.2965,1.4554,13.82,661
449,1,0.2352,1.5978,9.64,557
450,1,0.0432,1.4510,13.20,694
451,1,0.0710,1.4168,9.58,775
452,1,0.7795,1.7630,17.82,730
453,1,0.1714,1.5102,14.02,1272
454,1,0.3962,1.6216,13.86,954
455,1,0.3049,1.4821,15.58,728
456,1,0.0294,1.3525,13.50,851
457,1,0.1604,1.4132,8.26,530
458,1,0.2581,1.5862,17.16,957
459,1,0.4200,1.1641,11.98,719
460,1,0.9156,1.0671,24.30,1446
461,1,0.0994,1.1238,6.48,533
462,1,0.3333,1.0344,15.04,756
463,1,0.4433,1.8474,14.50,970
464,1,0.4167,1.2664,15.00,672
465,1,0.3026,1.9417,9.76,618
466,1,0.1871,1.9553,11.04,604
467,1,0.6152,0.9360,10.92,1094
468,1,0.3755,1.3738,21.14,1137
469,1,0.2261,1.1969,11.34,721
470,1,0.0947,1.3042,9.72,549
471,1,0.3502,1.6293,20.02,928
472,1,0.0894,1.7624,11.96,884
473,1,0.2272,1.3989,12.12,559
474,1,0.2046,1.2696,9.78,738
475,1,0.1506,1.6182,9.00,571
476,1,0.2953,1.0128,13.46,623
477,1,0.3348,1.0465,14.16,666
478,1,0.0572,1.8029,16.02,629
479,1,0.1679,1.7964,7.32,673
480,1,0.1534,1.9648,16.12,880
481,1,0.1314,1.5796,7.98,685
482,1,0.4495,1.2782,10.46,841
483,1,0.1486,1.3243,17.92,1036
484,1,0.1183,1.1659,14.48,651
485,1,0.3598,1.8062,19.40,1006
486,1,0.2399,1.1127,11.72,692
487,1,0.0581,1.1882,17.42,861
488,1,0.0376,1.5036,8.54,558
489,1,0.0981,1.9079,15.08,836
490,1,0.5887,1.0818,16.12,795
491,1,0.3651,1.0913,19.20,1008
492,1,0.2134,1.3689,13.14,759
493,1,0.5795,0.8811,15.30,723
494,1,0.1794,1.5477,5.48,524
495,1,0.1862,1.4094,9.70,596
496,1,0.1807,1.1799,16.26,1212
497,1,0.4724,1.6155,14.04,671
498,1,0.4092,1.4221,17.24,931
499,1,0.2767,1.4646,14.16,777
500,1,0.3806,1.8077,14.20,754
501,1,0.5307,1.2760,17.96,750
502,1,0.4946,1.5632,13.68,554
503,1,0.0000,1.2370,7.20,540
504,1,0.2240,1.2846,12.16,759
505,1,0.4147,1.1460,18.30,733
506,1,0.0000,1.4389,6.34,736
507,1,0.2112,1.7329,9.22,554
508,1,0.0617,1.9645,6.10,535
509,1,0.2504,1.9896,13.04,575
510,1,0.2684,1.4785,11.84,652
511,1,0.0441,1.6130,10.38,522
512,1,1.4166,0.7783,21.70,929
513,1,0.3898,1.4534,14.72,644
514,1,0.0110,1.5726,12.26,730
515,1,0.5000,1.1340,11.82,642
516,1,0.2346,1.9663,12.74,891
517,1,0.0190,1.3672,13.54,580
518,1,0.7994,0.8932,15.74,618
519,1,0.1123,1.2871,13.86,641
520,1,0.0328,1.4514,12.34,731
521,1,0.0000,1.7600,9.94,750
522,1,0.2840,1.5937,13.46,662
523,1,0.1362,1.1446,17.30,837
524,1,0.1157,1.2648,9.38,657
525,1,0.2763,1.9737,11.76,532
526,1,0.0858,1.1794,12.70,641
527,1,0.1614,1.3861,13.74,632
528,1,0.4249,1.9185,11.98,626
529,1,0.1851,1.1313,11.56,670
530,1,0.0000,1.8833,13.88,677
531,1,0.0945,1.6431,13.42,751
532,1,0.3353,1.3587,18.12,853
533,1,0.3143,1.8095,11.72,630
534,1,0.3722,1.3894,9.60,583
535,1,0.2577,1.2242,15.38,776
536,1,0.1127,1.6056,12.66,639
537,1,0.2861,1.2207,12.18,734
538,1,0.2964,1.2964,12.00,759
539,1,1.1351,0.9805,15.58,718
540,1,0.1409,1.5110,12.60,589
541,1,0.1010,1.5461,13.12,921
542,1,0.3438,1.3306,9.68,605
543,1,0.1572,1.3048,14.16,725
544,1,0.3294,1.8942,13.24,841
545,1,0.4235,1.1786,20.00,739
546,1,0.0000,1.5364,13.50,660
547,1,0.3309,1.5384,11.48,834
548,1,0.1231,1.4154,6.38,739
549,1,0.1541,1.1689,9.86,675
550,1,0.0469,1.6063,12.62,640
551,1,0.1972,1.0833,17.00,720
552,1,0.1837,1.1217,15.64,1241
553,1,0.4050,1.3443,20.32,758
554,1,0.4019,1.4673,15.98,719
555,1,0.1727,1.4008,8.86,741
556,1,0.1083,1.1014,15.94,720
557,1,0.5171,1.6758,14.72,731
558,1,0.2885,1.2596,12.14,624
559,1,0.1750,1.1446,15.44,1120
560,1,0.6010,1.5693,36.04,1386
561,1,0.2416,1.0206,15.70,778
562,1,0.2382,1.4394,13.06,701
563,1,0.3266,1.1017,11.08,747
564,1,0.4994,1.6133,16.86,825
565,1,0.1690,1.1431,8.18,580
566,1,0.0861,1.8962,12.68,732
567,1,0.2643,1.1534,17.42,802
568,1,0.2968,1.0093,13.48,647
569,1,0.2865,1.3589,8.92,705
570,1,0.1296,1.5075,15.64,733
571,1,0.6718,1.0192,16.16,780
572,1,0.0000,1.3503,11.86,551
573,1,0.0850,1.2888,13.34,741
574,1,0.4812,1.2298,19.38,879
575,1,0.0094,1.2811,6.08,530
576,1,0.4846,1.6500,15.78,780
577,1,0.2891,1.2877,15.56,723
578,1,0.1797,1.6193,12.80,612
579,1,0.0442,0.8831,10.90,1018
580,1,0.5292,1.0537,11.72,633
581,1,0.2532,0.9335,13.90,932
582,1,0.0588,1.9555,8.02,629
583,1,0.4688,1.3408,14.08,672
584,1,0.4054,1.1510,18.20,735
585,1,0.3678,1.3525,15.18,851
586,1,0.0660,1.5165,5.88,515
587,1,0.4525,1.4772,15.62,769
588,1,0.0000,1.8862,6.58,545
589,1,0.2514,0.9733,6.64,525
590,1,0.6281,1.2775,17.26,847
591,1,0.1292,1.5152,13.98,627
592,1,0.1780,1.4859,12.00,708
593,1,0.3428,1.0239,14.92,878
594,1,0.3711,1.5876,13.16,873
595,1,0.4932,1.1509,8.70,517
596,1,0.5168,1.4497,14.16,656
597,1,0.1213,1.2689,8.18,610
598,1,0.2442,1.4448,13.60,643
599,1,0.3127,1.5656,5.82,518
600,1,0.1712,1.4907,25.70,1449
601,1,0.4499,1.1604,17.24,829
602,1,0.1182,1.2770,10.44,592
603,1,0.6511,1.1595,19.24,834
604,1,0.5171,1.8146,10.92,642
605,1,0.5125,1.1881,13.22,638
606,1,0.0000,1.5862,16.54,737
607,1,0.1145,0.9780,10.22,908
608,1,0.0381,1.5613,18.68,734
609,1,0.1014,1.7313,12.86,789
610,1,0.2526,1.9409,15.40,863
611,1,0.3001,1.8382,16.76,723
612,1,0.3693,1.2415,14.40,704
613,1,0.0000,1.2837,12.44,571
614,1,0.3783,1.1687,10.86,830
615,1,0.3247,1.5931,10.62,961
616,1,0.0000,1.6468,12.34,637
617,1,0.7509,1.7021,20.96,1148
618,1,1.1556,1.8328,23.30,861
619,1,0.4340,1.0476,17.44,841
620,1,0.2373,1.7579,12.68,632
621,1,0.0209,1.9222,13.24,527
622,1,0.3075,1.2340,12.68,1047
623,1,0.3133,1.6867,12.42,731
624,1,0.2857,1.1484,13.42,721
625,1,0.7347,1.5532,20.06,799
626,1,0.2393,1.2821,8.60,748
627,1,0.4208,1.4589,15.88,682
628,1,0.0000,1.6235,17.16,765
629,1,0.1714,1.1247,14.16,770
630,1,0.2649,0.7425,11.40,804
631,1,0.0786,0.8103,20.66,1476
632,1,0.4588,1.0661,13.26,741
633,1,0.1643,1.7102,12.90,773
634,1,0.3871,1.0179,11.92,669
635,1,0.3371,0.9516,8.54,537
636,1,0.1288,1.0683,7.08,893
637,1,0.2565,1.3800,14.86,729
638,1,0.0000,1.5874,6.86,681
639,1,0.1962,1.6162,6.94,581
640,1,0.0263,1.5900,14.74,722
641,1,0.4915,0.9223,14.04,824
642,1,0.2446,1.1713,6.92,654
643,1,0.1138,1.4553,13.98,571
644,1,0.5377,0.5941,23.90,1365
645,1,0.2087,0.8791,8.14,786
646,1,0.4564,0.7688,10.56,653
647,1,0.0078,0.8692,9.38,642
648,1,0.2389,1.9848,14.28,787
649,1,0.3138,1.7734,14.60,631
650,1,0.4927,1.2168,20.38,964
651,1,0.0000,0.8894,13.48,669
652,1,0.1554,1.6667,15.36,624
653,1,0.0957,1.5165,9.82,575
654,1,0.4237,1.4843,15.28,826
655,1,0.6358,1.8807,18.84,939
656,1,0.2412,0.9238,10.82,709
657,1,0.0384,1.2251,12.46,573
658,1,0.6243,1.0811,14.50,740
659,1,0.3157,1.7926,18.78,887
660,1,0.2994,1.7131,10.68,718
661,1,0.5039,0.9170,20.88,1145
662,1,0.1578,1.8651,12.66,697
663,1,0.0358,1.9493,6.82,670
664,1,0.9082,0.9987,17.98,784
665,1,0.0748,1.1592,14.24,735
666,1,0.0679,1.4803,11.90,633
667,1,0.1419,1.5424,12.72,719
668,1,0.0000,1.5455,8.30,583
669,1,0.1112,1.3210,6.98,944
670,1,0.0158,1.7077,13.28,633
671,1,0.2182,1.0312,10.70,770
672,1,0.3885,1.5558,11.94,538
673,1,0.0807,1.0342,12.98,644
674,1,0.5214,1.5006,19.48,819
675,1,0.0000,1.9136,20.22,856
676,1,0.2149,1.0663,13.32,754
677,1,0.0000,1.7254,8.72,630
678,1,0.1158,0.9971,6.76,682
679,1,0.2128,1.7857,13.12,658
680,1,0.2612,1.1254,10.38,582
681,1,0.1535,1.6630,16.80,736
682,1,0.1461,1.3394,14.04,828
683,1,0.2601,1.4174,20.70,1138
684,1,0.1230,1.4303,15.88,732
685,1,0.1937,1.5106,16.10,852
686,1,0.2588,1.9414,15.70,1024
687,1,0.0061,1.6933,7.94,652
688,1,0.1325,1.6854,14.90,747
689,1,0.4867,1.0450,19.68,1245
690,1,0.3683,1.5378,10.18,714
691,1,0.0000,1.7276,6.78,558
692,1,0.4723,1.6640,10.66,631
693,1,0.3638,0.8368,14.40,778
694,1,0.3417,1.1753,12.60,559
695,1,0.7314,1.3488,16.82,860
696,1,0.2146,1.3301,13.72,615
697,1,0.0000,1.4865,12.40,631
698,1,0.9917,1.8071,18.98,845
699,1,0.3142,1.3632,11.00,592
700,1,0.5330,1.0309,16.86,938
701,1,0.0000,1.3617,12.08,647
702,1,0.1452,1.7620,19.24,916
703,1,0.1948,1.5518,15.18,1042
704,1,0.0000,1.6250,13.42,584
705,1,0.3210,1.6160,10.20,539
706,1,1.2041,1.3018,24.04,1014
707,1,0.0000,1.4678,10.40,528
708,1,0.4848,1.9186,12.68,528
709,1,0.0600,1.9381,11.72,533
710,1,0.2805,0.9692,15.14,845
711,1,0.0177,1.2387,14.36,620
712,1,0.5495,1.6497,17.76,748
713,1,0.2799,1.8236,12.50,686
714,1,0.3407,1.7131,14.60,854
715,1,0.1046,1.1841,13.36,755
716,1,0.4782,1.8020,17.06,1010
717,1,0.2060,1.5302,12.96,796
718,1,0.5515,1.2169,12.42,747
719,1,0.2866,1.4815,9.22,621
720,1,0.1288,1.7270,15.82,652
721,1,0.4540,1.7109,14.76,837
722,1,0.3610,1.7538,10.86,662
723,1,0.1150,0.9752,9.20,565
724,1,0.4772,0.8425,12.96,876
725,1,0.4838,1.4005,17.98,864
726,1,0.0241,0.9382,10.76,663
727,1,0.1912,1.9273,8.10,523
728,1,0.0695,1.8162,13.06,691
729,1,0.5990,1.4853,16.62,818
730,1,0.1678,1.3902,17.62,733
731,1,0.1080,1.8200,10.96,611
732,1,0.0000,1.5641,6.40,647
733,1,0.4960,1.4375,13.70,752
734,1,0.6835,0.9842,11.70,632
735,1,0.6535,1.5059,19.34,759
736,1,0.0962,1.4708,13.94,686
737,1,0.3022,1.3424,13.94,771
738,1,0.3823,1.2819,15.12,667
739,1,0.1329,1.5014,15.42,730
740,1,0.0000,1.2287,9.14,647
741,1,0.1340,1.7229,11.52,664
742,1,0.1455,1.8697,9.40,591
743,1,0.4433,1.3601,11.52,661
744,1,0.4104,1.7253,12.84,943
745,1,0.1151,0.8032,15.00,869
746,1,0.5761,1.2669,18.72,828
747,1,0.1403,1.3052,15.54,1019
748,1,0.1976,1.5651,15.80,830
749,1,0.5197,1.7773,13.78,687
750,1,0.5572,1.3719,8.72,734
751,1,0.2964,1.2322,9.72,732
752,1,0.4344,1.3497,16.12,755
753,1,0.8131,1.4019,12.48,535
754,1,0.1299,1.6932,8.76,616
755,1,0.2925,1.8739,17.36,817
756,1,0.1513,1.4292,12.00,727
757,1,0.3203,1.2856,17.74,1180
758,1,0.2657,1.2305,14.52,794
759,1,0.4052,1.4821,18.74,728
760,1,0.4119,1.3001,13.96,823
761,1,0.1495,1.2617,6.30,535
762,1,0.0090,1.7892,6.00,555
763,1,0.3267,1.3588,12.10,655
764,1,0.4913,1.0592,12.62,743
765,1,0.3919,1.5210,15.42,643
766,1,0.1565,1.9645,12.24,620
767,1,0.0000,1.9686,11.52,574
768,1,0.1922,1.0607,10.68,593
769,1,0.2734,1.3765,16.44,757
770,1,0.0918,1.3070,12.34,632
771,1,0.1669,1.0820,12.22,683
772,1,0.0069,0.9185,12.66,577
773,1,0.0000,1.4028,13.78,643
774,1,0.4253,1.8476,13.70,689
775,1,0.1726,1.3536,12.38,840
776,1,0.2691,1.2677,13.50,721
777,1,0.0105,1.7268,11.62,571
778,1,0.3934,1.0348,12.08,633
779,1,0.1727,0.9274,12.94,689
780,1,0.0000,1.3261,14.36,595
781,1,0.2519,1.3017,16.94,802
782,1,0.1088,1.5412,14.32,680
783,1,0.6448,1.2869,13.42,732
784,1,0.0000,1.9698,9.94,563
785,1,0.5435,1.7096,14.32,644
786,1,0.6683,1.1881,11.26,606
787,1,0.0000,1.6944,11.64,576
788,1,0.2521,1.5308,15.64,714
789,1,0.2292,1.8949,13.34,685
790,1,0.2522,1.2997,14.50,1031
791,1,0.0000,1.3835,9.28,665
792,1,0.2330,1.7166,13.68,734
793,1,0.3728,1.2054,9.28,735
794,1,0.4115,1.5714,11.42,644
795,1,0.4248,0.7124,14.50,831
796,1,0.0193,1.7091,14.78,1557
797,1,0.0000,1.9647,15.80,624
798,1,0.1225,1.3338,8.92,743
799,1,0.1361,1.4777,16.30,764
800,1,0.1831,1.9818,13.94,661
801,1,0.4146,1.2704,23.38,1276
802,1,0.1294,1.8762,10.64,711
803,1,0.0405,0.9884,13.82,865
804,1,0.1514,1.5048,13.70,832
805,1,0.1959,1.0311,14.16,740
806,1,0.2318,1.1483,15.58,1005
807,1,0.0000,1.8067,10.20,657
808,1,0.6041,0.8259,16.36,879
809,1,0.0952,1.7192,10.76,641
810,1,0.0000,1.4545,12.00,550
811,1,0.5525,1.1769,22.66,1153
812,1,0.0727,1.6826,15.52,605
813,1,0.1513,1.0615,10.98,846
814,1,0.0153,1.7833,9.50,983
815,1,0.3223,1.3059,19.48,1092
816,1,0.4507,1.3725,13.20,639
817,1,0.6803,0.9297,22.36,854
818,1,0.2656,1.6578,12.72,640
819,1,0.1499,1.8460,12.50,734
820,1,0.3266,1.3795,12.44,643
821,1,0.2113,1.2715,9.20,582
822,1,0.2753,1.4098,15.38,632
823,1,0.0000,1.8951,11.38,734
824,1,0.3774,1.4831,14.00,681
825,1,0.4366,0.6850,9.88,765
826,1,0.2512,1.5578,8.48,649
827,1,0.0051,1.6500,11.66,780
828,1,0.2539,1.5034,14.24,894
829,1,0.0000,0.9767,15.74,686
830,2,0.1649,1.2219,8.12,649
831,1,0.3293,1.7211,17.44,735
832,1,0.1401,1.1578,9.22,564
833,1,0.1442,1.3568,15.02,936
834,1,0.0000,1.2493,7.94,738
835,1,0.5595,1.1740,18.96,1253
836,1,0.2500,1.7880,10.76,684
837,1,0.5032,1.1688,11.80,628
838,1,0.3785,1.3556,10.12,613
839,1,0.1654,1.8974,9.16,653
840,1,0.0000,1.4103,16.32,736
841,1,0.9048,1.5148,12.78,641
842,1,0.4662,1.5569,14.24,650
843,1,0.4957,1.9484,17.66,930
844,1,0.0000,1.9634,12.10,547
845,1,0.0629,1.7308,9.62,795
846,1,0.1720,1.2249,9.08,907
847,1,0.4216,1.7884,8.24,619
848,1,0.7253,1.3489,13.14,728
849,1,0.2179,0.6904,14.76,872
850,1,0.2696,1.6870,11.90,738
851,1,0.0909,1.2259,13.56,726
852,1,0.2710,0.9470,7.10,642
853,1,0.5847,1.5576,15.58,886
854,1,0.5643,1.0952,12.76,840
855,1,0.1442,1.3640,13.60,728
856,1,0.4140,1.3038,12.98,599
857,1,0.5116,1.3539,14.80,647
858,1,0.1152,1.0160,7.14,564
859,1,0.2595,1.3744,17.12,844
860,1,0.2264,1.1904,12.68,667
861,1,0.1903,1.8694,9.68,620
862,1,0.5151,1.2189,15.92,827
863,1,0.2010,1.8462,9.40,572
864,1,0.2219,1.4395,11.14,942
865,1,0.1585,1.3715,11.34,568
866,1,0.4041,1.1496,16.68,829
867,1,0.3384,1.1275,12.48,659
868,1,0.0854,1.2468,13.18,632
869,1,0.1612,1.3165,8.22,515
870,1,0.0280,1.9732,12.02,785
871,1,0.1223,1.4076,9.38,736
872,1,0.1989,1.3992,18.50,744
873,1,0.3214,1.9144,16.50,946
874,1,0.3501,1.6819,15.66,657
875,1,0.2380,1.4880,12.36,748
876,1,0.8384,1.3411,17.20,730
877,1,0.4628,0.9161,13.44,739
878,1,0.0147,1.4546,13.26,882
879,1,0.3524,1.7453,13.58,911
880,1,0.2100,1.2878,8.28,681
881,1,0.0298,1.2241,9.18,638
882,1,0.2277,1.2621,16.88,786
883,1,0.0059,1.5777,12.96,682
884,1,0.2196,1.2540,16.30,756
885,1,0.1917,1.3559,14.28,725
886,1,0.0000,1.7057,7.54,598
887,1,0.6304,0.9699,16.94,863
888,1,0.2785,1.8336,6.78,535
889,1,0.0682,1.7902,12.70,572
890,1,0.3590,1.5818,18.22,727
891,1,0.7816,1.5307,15.02,618
892,1,0.5116,0.8116,11.06,860
893,1,0.1970,1.4501,15.02,731
894,1,0.0931,0.6905,7.86,698
895,1,0.5965,1.5539,17.42,751
896,1,0.2368,1.2732,10.08,549
897,1,0.1699,1.0476,13.00,1071
898,1,0.3651,0.9872,8.34,545
899,1,0.3391,1.6652,13.78,699
900,1,0.0000,1.7247,6.76,592
901,1,0.4529,1.5564,12.52,647
902,1,0.8598,1.0385,20.50,1170
903,1,0.2214,1.7608,15.80,673
904,1,0.3385,1.1425,11.70,709
905,1,0.0459,1.6002,15.08,1133
906,1,0.1896,1.2121,10.60,712
907,1,0.5448,0.9639,16.52,804
908,1,0.3016,1.2262,9.94,557
909,1,0.3465,1.1591,12.88,635
910,1,0.5932,1.3264,21.46,1057
911,1,0.7382,1.1574,17.28,718
912,1,0.5903,1.1370,13.50,825
913,1,0.6245,1.7111,16.76,727
914,1,0.1166,1.3991,7.62,669
915,1,0.0484,1.8431,13.24,599
916,1,0.0638,1.3540,10.58,596
917,1,0.2958,1.3392,12.02,622
918,1,0.1826,1.3078,11.58,679
919,1,0.6148,1.1702,16.62,758
920,1,0.0000,1.3492,8.44,653
921,1,0.4195,1.9572,14.94,677
922,1,0.2106,1.9579,6.52,546
923,1,0.3862,0.9404,21.70,1041
924,1,0.2025,1.1541,11.20,558
925,1,0.3915,1.3373,14.12,848
926,1,0.0354,1.3291,12.22,875
927,1,0.1101,1.4633,8.14,736
928,1,0.5333,1.4569,11.96,720
929,1,0.0000,1.7014,14.56,710
930,1,0.4305,1.2630,8.64,597
931,1,0.3834,1.3692,17.02,845
932,1,0.3831,1.7811,16.00,676
933,1,0.3754,1.5732,14.02,642
934,1,0.1055,1.1344,14.54,692
935,1,0.2877,1.0811,10.62,949
936,1,0.2397,1.4671,17.26,730
937,1,0.5872,1.4423,19.44,814
938,1,0.9093,1.4698,14.50,728
939,1,0.2792,1.6703,14.72,634
940,1,0.1343,1.5620,15.04,1057
941,1,0.5814,1.0404,12.00,743
942,1,0.1841,1.5650,11.46,554
943,1,0.0980,1.3010,18.12,1020
944,1,0.6854,1.4122,28.72,1014
945,1,0.2642,1.1380,10.54,1196
946,1,0.0000,1.2922,13.32,664
947,1,0.3575,1.5102,9.92,635
948,1,0.5605,1.6825,16.68,885
949,1,0.2961,1.4455,8.50,770
950,1,0.3547,1.2410,14.98,888
951,1,0.4342,1.2608,16.82,836
952,1,0.4776,1.5791,20.82,1252
953,1,0.1641,1.1744,10.12,579
954,1,0.1615,1.7623,6.84,551
955,1,0.5287,1.1802,14.08,766
956,1,0.3373,1.3596,15.00,851
957,1,0.1794,1.5441,15.82,1371
958,1,0.0426,1.6250,6.70,728
959,1,0.3585,0.9669,11.74,756
960,1,0.3625,1.9505,13.14,767
961,1,0.4699,1.0850,11.84,647
962,1,0.5468,0.7349,20.84,1026
963,1,0.0619,1.9536,13.44,646
964,1,0.6392,0.9737,9.42,571
965,1,0.3813,1.0965,13.68,653
966,1,0.3888,1.0991,10.50,787
967,1,0.0000,1.7916,10.28,523
968,1,0.1242,1.2947,9.16,604
969,1,0.2812,1.0819,15.86,818
970,1,0.0575,1.7174,8.08,644
971,1,0.0000,1.5832,11.46,535
972,1,0.5429,1.2228,10.30,606
973,1,0.0109,1.7703,9.84,827
974,1,0.1441,1.9112,22.12,777
975,1,0.1405,1.7243,11.86,555
976,1,0.0513,1.5625,11.84,624
977,1,0.3185,1.5128,14.46,901
978,1,0.2283,1.3279,15.70,863
979,1,0.0000,1.4003,14.62,607
980,1,0.4556,1.3947,14.30,755
981,1,0.4149,1.6066,13.56,605
982,1,0.2998,1.0000,10.98,647
983,1,0.2172,1.9799,10.26,548
984,1,0.0992,1.7461,11.24,776
985,1,0.0000,0.9349,5.98,722
986,1,0.5348,1.0396,11.64,733
987,1,0.3503,0.9833,15.06,1079
988,1,0.4815,1.1984,18.44,731
989,1,0.0000,1.3762,10.06,521
990,1,1.0177,1.1460,23.76,959
991,1,0.3000,1.6277,12.18,650
992,1,0.4188,1.4929,20.98,917
993,1,0.1657,0.7925,7.24,670
994,1,0.1468,1.6422,11.78,654
995,1,0.1229,1.8680,11.30,773
996,1,0.2178,1.2663,16.24,845
997,1,0.3877,1.5877,16.46,730
998,1,0.2813,1.4375,14.80,640
999,1,0.6136,1.3782,14.94,735
1000,1,0.3004,1.4071,16.12,759
1001,1,0.1362,1.7590,14.74,639
1002,1,0.4424,0.8820,16.48,746
1003,1,0.1637,1.7926,24.80,1051
1004,1,0.0000,1.1843,10.78,727
1005,1,0.4366,1.7463,12.54,678
1006,1,0.3501,1.5523,15.10,717
1007,1,0.0926,1.3074,11.04,540
1008,1,0.4683,1.1550,17.14,916
1009,1,0.5326,1.0134,10.22,674
1010,1,0.8354,0.8544,12.96,893
1011,1,0.6437,1.7113,14.82,755
1012,1,0.5039,1.7827,13.32,649
1013,1,0.2713,1.3944,15.86,682
1014,1,0.3311,0.9973,9.16,731
1015,1,0.2019,1.0797,15.44,941
1016,1,0.0000,1.3706,6.62,537
1017,1,0.0055,1.9323,12.28,916
1018,1,0.0826,1.9618,11.70,654
1019,1,0.1179,1.8674,10.94,543
1020,1,0.0690,1.3621,11.90,754
1021,1,0.1429,1.2534,6.98,588
1022,1,0.1778,1.2848,7.06,495
1023,1,0.1606,1.2214,12.46,691
1024,1,0.1317,1.3310,14.68,577
1025,1,0.0741,1.4539,12.56,553
1026,1,0.4650,1.6954,18.30,742
1027,1,0.6205,1.3149,19.42,867
1028,1,0.7213,1.4000,12.28,750
1029,1,0.5456,1.4173,15.42,834
1030,1,0.0506,1.6375,13.34,731
1031,1,0.4185,1.2110,13.50,1123
1032,1,0.2187,1.7783,13.72,654
1033,1,0.0836,1.5602,13.40,598
1034,1,0.1400,1.3174,11.26,857
1035,1,0.1892,1.4849,8.56,629
1036,1,0.4648,1.9282,16.70,682
1037,1,0.1193,1.3627,8.10,612
1038,1,0.0036,1.1209,12.38,827
1039,1,0.0189,1.2819,11.02,1004
1040,1,0.4911,1.4011,14.84,733
1041,1,0.2586,1.4181,22.84,1655
1042,1,0.2208,1.3266,9.46,548
1043,1,0.4286,1.6812,17.48,665
1044,1,0.2676,1.4231,15.84,1106
1045,1,0.4256,1.0364,9.34,632
1046,1,0.5752,1.4385,17.90,1017
1047,1,0.9538,1.1825,15.56,844
1048,1,0.0595,1.4604,13.82,656
1049,1,0.1989,0.9873,7.78,709
1050,1,0.2075,1.4955,14.34,670
1051,1,0.5638,1.9016,16.18,823
1052,1,0.4193,1.7387,14.60,861
1053,1,0.3790,1.2225,22.16,971
1054,1,0.3564,1.1140,10.40,693
1055,1,0.4181,1.4899,14.22,641
1056,1,0.3971,1.5980,14.44,816
1057,1,0.5070,1.0318,10.40,787
1058,1,0.1206,1.4102,9.14,746
1059,1,0.0000,1.7443,12.14,614
1060,1,0.0000,1.7101,7.26,476
1061,1,0.1169,0.7691,8.88,667
1062,1,0.3680,1.3184,12.62,625
1063,1,0.0886,1.7141,7.42,801
1064,1,0.0348,1.6791,13.14,748
1065,1,0.1691,1.4911,10.16,615
1066,1,0.0000,1.1254,11.20,837
1067,1,0.3249,1.4489,20.10,831
1068,1,0.0106,1.6954,5.50,568
1069,1,0.0000,0.9097,14.00,709
1070,1,0.3462,1.4523,14.16,754
1071,1,0.1380,1.7727,10.96,616
1072,1,0.1709,1.4153,13.32,1264
1073,1,0.0000,1.5535,17.28,1149
1074,1,0.1369,1.5938,13.08,672
1075,1,0.1501,1.6145,14.14,633
1076,1,0.5906,1.4627,9.94,657
1077,1,0.5702,1.6751,12.30,591
1078,1,0.1147,0.8880,14.30,741
1079,1,0.0368,1.4847,13.28,652
1080,1,0.3830,1.3969,14.30,577
1081,1,0.2059,1.3766,11.00,539
1082,1,0.0696,1.9203,12.34,690
1083,1,0.0128,1.5465,10.56,624
1084,1,0.1585,1.4188,14.58,757
1085,1,0.0316,1.2621,6.30,824
1086,1,0.2199,1.4830,16.28,764
1087,1,0.6230,1.3147,15.24,947
1088,1,0.3570,1.1670,11.58,563
1089,1,0.3639,1.4017,15.76,1058
1090,1,0.1405,1.8757,13.90,740
1091,1,0.2834,1.3920,12.22,727
1092,1,0.0479,1.3072,8.84,752
1093,1,0.5343,0.9261,14.08,934
1094,1,0.2415,1.0846,13.88,733
1095,1,0.0984,1.6203,7.42,640
1096,1,0.0807,1.1421,11.12,570
1097,1,0.6798,1.0036,17.78,840
1098,1,0.5620,1.5589,14.64,943
1099,1,0.2788,1.5967,9.44,538
1100,1,0.0514,1.7828,10.94,603
1101,1,0.3037,1.2037,17.74,1080
1102,1,0.1506,1.6706,14.42,850
1103,1,0.1871,1.3535,14.84,775
1104,1,0.1136,0.7152,10.12,660
1105,1,0.2533,1.4221,13.20,841
1106,1,0.2392,1.1278,8.38,853
1107,1,0.0000,1.7784,6.08,537
1108,1,0.4590,1.7264,15.76,793
1109,1,0.1627,1.7470,12.76,664
1110,1,0.0733,1.6300,14.58,900
1111,1,0.1824,1.2576,7.38,625
1112,1,0.3447,1.0179,16.38,1117
1113,1,0.1239,1.3024,10.22,678
1114,1,0.1181,1.4992,11.46,601
1115,1,0.0818,1.3675,10.10,721
1116,1,0.2865,1.3608,12.50,740
1117,1,0.0253,1.3431,17.08,752
1118,1,0.2056,1.9682,9.88,535
1119,1,0.0253,1.5126,11.12,554
1120,1,0.8245,1.3351,13.50,758
1121,1,0.1218,1.6527,6.34,550
1122,1,0.2798,1.3660,13.26,754
1123,1,0.1316,1.7560,16.40,623
1124,1,0.3909,1.1680,17.12,875
1125,1,0.4151,0.8919,8.86,583
1126,1,0.1893,1.4205,14.34,692
1127,1,0.1079,1.6778,14.44,630
1128,1,0.4063,1.6316,12.68,608
1129,1,0.0979,1.4423,12.90,970
1130,1,0.2190,1.8186,8.74,612
1131,1,0.1630,1.2502,13.54,1043
1132,1,0.0000,1.8296,9.82,575
1133,1,0.0262,1.0661,13.14,877
1134,1,0.1365,1.4730,16.24,630
1135,1,0.0537,1.7735,8.22,521
1136,1,0.1724,1.5027,6.84,557
1137,1,0.2312,1.4286,10.70,532
1138,1,0.0840,1.5070,10.50,714
1139,1,0.1842,1.4281,7.04,619
1140,1,0.4474,1.1516,13.42,798
1141,1,0.5038,1.3318,10.32,663
1142,1,0.0000,1.5886,12.30,649
1143,1,0.2859,1.4904,11.96,626
1144,1,0.3586,0.6155,9.90,619
1145,1,0.1448,1.3691,11.12,829
1146,1,0.1947,1.2281,12.68,868
1147,1,0.2480,1.9542,16.08,633
1148,1,0.0000,1.7212,14.66,617
1149,1,0.1101,1.4404,11.32,663
1150,1,0.1088,1.8271,9.14,717
1151,1,0.3649,1.4645,18.94,844
1152,1,0.2417,1.6306,13.88,666
1153,1,0.4371,1.1664,12.72,739
1154,1,0.1778,1.2833,11.96,720
1155,1,0.1003,1.5457,6.32,678
1156,1,0.3801,1.5008,11.86,613
1157,1,0.1424,1.4717,12.36,653
1158,1,0.1768,1.1002,8.46,639
1159,1,0.0379,1.8778,14.52,581
1160,1,0.0000,1.8236,15.90,737
1161,1,0.4464,1.2059,12.20,578
1162,1,0.7326,0.9636,14.30,632
1163,1,0.2181,1.4836,18.42,761
1164,1,0.2147,1.1083,9.96,517
1165,1,0.3329,1.2943,14.00,853
1166,1,0.3913,1.5354,17.12,805
1167,1,0.3556,1.9185,18.20,883
1168,1,0.0096,1.2682,12.86,727
1169,1,0.4113,1.9546,14.08,727
1170,1,0.2005,1.6873,13.52,793
1171,1,0.4000,1.2381,12.98,630
1172,1,0.1966,1.0596,18.46,1007
1173,1,0.0905,1.8677,13.34,597
1174,1,0.5970,1.2591,14.88,660
1175,1,0.1082,0.8813,13.52,758
1176,1,0.5762,0.9653,13.64,663
1177,1,0.0000,1.2680,13.32,724
1178,1,0.0128,1.1427,11.06,701
1179,1,0.3916,0.7516,13.46,789
1180,1,0.4455,1.0954,15.16,734
1181,1,0.0000,1.5833,9.28,528
1182,1,0.2183,1.4304,9.58,797
1183,1,0.3383,0.8456,15.12,881
1184,1,0.2825,1.7584,13.68,832
1185,1,0.6034,1.3422,14.26,716
1186,1,0.1796,1.2315,11.66,540
1187,1,0.3652,1.5177,12.12,564
1188,1,0.2560,1.2957,11.98,629
1189,1,0.4516,1.6276,19.16,1023
1190,1,0.2264,1.4295,12.86,645
1191,1,0.1868,0.9872,18.08,1012
1192,1,0.0463,1.6188,20.04,842
1193,1,0.0000,1.7101,14.28,576
1194,1,0.3032,1.4612,14.82,1095
1195,1,0.0000,1.8794,13.00,738
1196,1,0.3784,1.6204,18.50,851
1197,1,0.3491,1.3889,15.24,1080
1198,1,0.3061,1.6951,18.56,833
1199,1,0.2165,1.3700,7.58,619
1200,1,0.2270,1.7918,12.36,586
1201,1,0.4689,1.0160,11.70,563
1202,1,0.3477,1.1661,13.42,837
1203,1,0.2958,1.4069,10.00,612
1204,1,0.4209,1.5327,14.66,841
1205,1,0.1113,1.3629,11.02,620
1206,1,0.1291,1.6127,11.90,1224
1207,1,0.4409,1.1725,15.80,719
1208,1,0.2415,1.8095,11.34,588
1209,1,0.5855,1.4484,15.80,620
1210,1,0.6033,1.2815,10.58,547
1211,1,0.0648,1.3061,15.88,833
1212,1,0.3790,1.2625,14.48,781
1213,1,0.0252,1.4409,15.90,635
1214,1,0.0227,1.1955,11.14,706
1215,2,0.3383,1.6590,8.38,742
1216,1,0.2474,0.9148,14.30,869
1217,1,0.0000,1.7050,8.66,617
1218,1,0.0690,1.1752,12.38,725
1219,1,0.8145,1.5026,13.90,760
1220,1,0.2984,1.5245,8.16,734
1221,1,0.1503,1.5253,9.64,632
1222,1,0.4428,0.8942,9.14,813
1223,1,0.4157,1.1469,13.08,878
1224,1,0.4511,1.5260,14.88,654
1225,1,0.4023,1.2932,17.60,880
1226,1,0.0000,1.8008,7.00,527
1227,1,0.4005,0.7270,11.92,729
1228,1,0.1314,1.3481,7.56,609
1229,1,0.0767,1.9513,9.74,678
1230,1,0.4436,1.2256,9.44,532
1231,1,0.7013,1.6792,18.16,770
1232,1,0.4421,1.7306,8.16,527
1233,1,0.1361,1.0357,14.46,757
1234,1,0.2391,1.2213,13.14,845
1235,1,0.0824,1.3870,10.92,752
1236,1,0.1589,1.4241,18.64,705
1237,1,0.1554,1.9712,12.72,798
1238,1,0.5639,1.2150,9.80,814
1239,1,0.2952,1.5412,17.04,752
1240,1,0.0294,1.2386,15.02,612
1241,1,0.5343,1.0110,18.48,728
1242,1,0.5989,0.7065,12.00,920
1243,1,0.3107,1.2269,12.14,692
1244,1,0.5288,0.9616,12.38,573
1245,1,0.0000,1.1981,9.42,636
1246,1,0.0214,1.5670,17.22,933
1247,1,0.3381,1.4858,13.28,562
1248,1,0.0227,1.5239,7.30,838
1249,1,0.2427,1.6336,15.88,655
1250,1,0.0369,1.7228,9.00,624
1251,1,0.0677,1.4329,6.40,753
1252,1,0.2862,1.4625,13.20,573
1253,1,0.0419,1.8743,12.26,573
1254,1,0.3700,1.5141,14.92,854
1255,1,0.4383,0.6580,17.58,965
1256,1,0.1900,1.2388,8.86,779
1257,1,0.1503,1.3252,7.98,612
1258,1,0.0762,1.3780,12.84,656
1259,1,0.5362,1.1730,9.94,636
1260,1,0.0000,1.5496,7.32,595
1261,1,0.1873,1.9804,12.64,662
1262,1,0.1337,1.6313,14.70,838
1263,1,0.1199,1.0331,14.36,634
1264,1,0.0000,1.7010,11.02,582
1265,1,0.0015,1.1884,11.08,674
1266,1,0.3265,1.0726,8.28,634
1267,1,0.3107,1.6486,12.72,589
1268,1,0.2712,1.3890,13.84,730
1269,1,0.1806,1.5484,13.98,764
1270,1,0.4340,1.2118,8.36,576
1271,1,0.4589,0.9420,15.02,828
1272,1,0.3307,0.9456,9.96,901
1273,1,0.1257,0.6859,8.20,573
1274,1,0.1182,1.9359,6.12,499
1275,1,0.1114,1.3611,6.46,709
1276,1,0.1609,1.7788,12.28,547
1277,1,0.7627,1.3409,11.78,531
1278,1,0.1454,1.2524,12.52,729
1279,1,0.2724,1.4099,8.00,727
1280,1,0.7034,1.2661,16.70,853
1281,1,0.4547,1.5275,10.24,563
1282,1,0.1352,1.3189,7.90,577
1283,1,0.1160,1.2823,17.42,1215
1284,1,0.9135,0.8819,16.68,821
1285,1,0.1429,0.9408,13.78,693
1286,1,0.0110,1.3619,10.42,724
1287,1,0.0374,1.2317,14.74,669
1288,1,0.3012,1.2636,15.34,664
1289,1,0.5981,0.7864,8.26,632
1290,1,0.4151,1.4853,16.26,713
1291,1,0.4420,1.5485,15.44,742
1292,1,0.2967,1.6590,12.20,610
1293,1,0.3835,1.8215,10.22,717
1294,1,0.0000,1.9035,10.26,715
1295,1,0.3499,0.9694,12.64,686
1296,1,0.4200,1.5387,9.88,581
1297,1,0.1751,1.5499,13.74,611
1298,1,0.1651,1.4087,12.42,624
1299,1,0.3709,0.7988,13.94,825
1300,1,0.0000,1.4068,11.70,794
1301,1,0.1186,0.9790,9.70,666
1302,1,0.4677,1.5843,15.54,635
1303,1,0.1260,1.4350,13.00,738
1304,1,0.0859,1.2960,5.58,652
1305,1,0.4046,1.2732,21.26,959
1306,1,0.0626,1.7595,9.00,815
1307,1,0.2888,0.7100,12.56,793
1308,1,0.2821,1.3104,11.52,670
1309,1,0.0840,1.7166,7.72,667
1310,1,0.3400,1.7846,14.26,803
1311,1,0.4491,1.1730,25.84,1601
1312,1,0.8557,0.8586,13.64,672
1313,1,0.1147,1.8775,16.24,645
1314,1,0.2466,1.1557,19.64,1111
1315,1,0.5399,1.4183,13.26,789
1316,1,0.0431,1.2353,12.78,765
1317,1,0.0200,1.4212,10.70,850
1318,1,0.2013,1.2000,13.44,775
1319,1,0.4635,1.5219,13.50,822
1320,1,0.2336,1.5983,9.86,839
1321,1,0.0493,1.7389,14.38,609
1322,1,0.0998,1.6427,6.70,571
1323,1,0.0000,1.7123,9.76,570
1324,1,0.3460,0.9305,9.68,633
1325,1,0.5037,1.3228,22.16,951
1326,1,0.0987,1.3610,13.32,831
1327,1,0.1280,1.3450,9.56,945
1328,1,0.2795,1.2313,16.06,830
1329,1,0.2383,1.5005,19.36,1007
1330,1,0.0637,1.5716,14.44,691
1331,1,0.1294,1.9871,8.94,541
1332,1,0.0000,1.6471,9.36,544
1333,1,0.3297,1.4946,12.82,643
1334,1,0.1195,1.8207,10.60,686
1335,1,0.3515,1.0682,11.80,660
1336,1,0.7390,1.3202,19.36,1065
1337,1,0.4810,0.8570,14.36,923
1338,1,0.5129,1.3820,14.68,932
1339,1,0.6604,1.3944,18.80,857
1340,1,0.4438,1.9789,17.36,712
1341,1,0.2259,0.8797,16.04,748
1342,1,0.0099,1.5207,9.64,605
1343,1,0.1315,1.9493,13.80,730
1344,1,0.1291,0.7072,12.04,666
1345,1,0.5975,1.3111,8.78,733
1346,1,0.1632,0.8299,12.22,582
1347,1,0.3150,0.7985,11.04,819
1348,1,0.3700,1.1556,9.98,527
1349,1,0.0000,1.4633,7.14,641
1350,1,0.3719,1.7264,10.60,519
1351,1,0.0793,1.8026,14.68,694
1352,1,0.6395,0.9306,12.06,663
1353,1,0.1714,1.6286,15.00,595
1354,1,0.0000,1.5018,6.44,550
1355,1,0.4126,1.6332,14.74,807
1356,1,0.0223,1.1842,8.86,494
1357,1,0.2444,1.4801,8.78,577
1358,1,0.0000,1.5394,11.26,660
1359,1,0.3112,0.7191,14.08,858
1360,1,0.0000,1.7212,8.92,599
1361,1,0.6689,1.5773,14.90,589
1362,1,0.1655,1.6345,13.24,695
1363,1,0.2692,1.4274,8.80,613
1364,1,0.1560,1.1990,15.08,769
1365,1,0.2489,1.5277,15.12,703
1366,1,0.3538,1.0901,13.18,766
1367,1,0.2638,1.2982,13.56,959
1368,1,0.0000,1.4576,15.12,837
1369,1,0.0000,1.5100,11.26,551
1370,1,0.2909,1.1406,14.46,1138
1371,1,0.1069,1.0016,13.12,636
1372,1,0.0971,1.5451,12.56,587
1373,1,0.2062,1.2236,8.56,577
1374,1,0.1543,1.6268,9.78,635
1375,1,0.1160,1.9796,11.22,638
1376,1,0.5137,1.2965,15.58,769
1377,1,0.0681,1.5029,13.64,690
1378,1,0.8307,1.4612,12.92,644
1379,1,0.2638,1.0963,8.62,561
1380,1,0.0567,1.6587,9.62,794
1381,1,0.0000,1.8021,11.54,581
1382,1,0.0486,1.4559,7.00,555
1383,1,0.2233,1.3364,13.78,645
1384,1,0.2046,1.5523,10.50,650
1385,1,0.0000,1.1453,12.60,936
1386,1,0.1120,1.5733,12.34,750
1387,1,0.5583,1.0249,13.22,763
1388,1,0.0270,1.5640,11.34,555
1389,1,0.4439,1.4927,14.66,757
1390,1,0.3387,1.6207,9.78,617
1391,1,0.6058,1.5509,12.44,619
1392,1,0.8259,0.7460,10.48,563
1393,1,0.1597,1.4014,14.18,720
1394,1,0.1156,1.0569,11.16,545
1395,1,0.0672,1.7763,21.44,952
1396,1,0.3607,1.7370,11.78,768
1397,1,0.7532,1.1568,15.88,944
1398,1,0.2560,1.2817,15.88,1008
1399,1,0.0000,1.7482,10.14,552
1400,1,0.1202,1.7158,8.24,549
1401,1,0.2603,1.3386,11.36,753
1402,1,0.0000,1.2894,10.90,546
1403,1,0.2020,1.7038,15.62,817
1404,1,0.0642,1.1712,10.54,514
1405,1,0.0000,1.1631,7.72,564
1406,1,0.2519,1.8801,15.32,659
1407,1,0.1431,1.9844,13.18,643
1408,1,0.1793,1.7120,12.12,552
1409,1,0.3390,1.5320,10.52,829
1410,1,0.0000,1.1279,14.28,876
1411,1,0.2513,1.4884,11.32,776
1412,1,0.1524,1.4100,12.70,722
1413,1,0.5102,1.8051,11.14,590
1414,1,0.2697,0.9984,13.76,634
1415,1,0.2405,1.1831,8.84,661
1416,1,0.2638,1.0194,8.66,671
1417,1,0.2557,1.5013,8.52,794
1418,1,0.5128,1.9804,12.38,509
1419,1,0.0000,1.6303,14.48,614
1420,1,0.2585,1.1089,12.10,762
1421,1,0.1444,1.1453,13.58,1115
1422,1,0.2911,1.4127,14.20,790
1423,1,0.0670,1.5718,14.84,836
1424,1,0.2851,1.2074,14.02,1210
1425,1,0.3229,1.6729,20.54,963
1426,1,0.1250,1.2234,9.90,640
1427,1,0.3450,1.4967,10.18,600
1428,1,0.1226,1.3408,12.30,628
1429,1,0.3565,1.1424,11.58,892
1430,1,0.7485,1.1494,13.56,676
1431,1,0.5443,1.0708,16.70,1073
1432,1,0.1821,1.3866,10.60,670
1433,1,0.5239,0.7247,13.44,752
1434,1,0.0130,1.3724,12.56,537
1435,1,0.0030,1.5936,12.78,657
1436,1,0.2200,1.3224,15.10,850
1437,1,0.4188,1.6067,14.14,628
1438,1,0.3359,1.2938,13.36,640
1439,1,1.0222,1.1412,13.46,765
1440,1,0.0424,1.3450,13.06,684
1441,1,0.2715,1.5662,14.20,733
1442,1,0.2603,1.4589,10.16,584
1443,1,0.2234,1.8709,10.16,573
1444,1,0.4257,1.5683,16.50,834
1445,1,0.2238,1.1989,8.26,724
1446,1,0.1802,1.9861,10.06,505
1447,1,0.1859,1.4164,7.86,694
1448,1,0.1761,1.0000,14.42,704
1449,1,0.2351,0.8473,15.72,655
1450,1,0.0000,1.4889,10.88,585
1451,1,0.8851,1.0538,46.20,2027
1452,1,0.5357,1.7173,17.66,771
1453,1,0.4166,1.4240,17.86,941
1454,1,0.5256,1.2163,10.60,527
1455,1,0.3451,1.0802,12.06,536
1456,1,0.3072,1.9628,14.02,726
1457,1,0.3020,1.2340,12.38,735
1458,1,0.2922,1.4562,13.62,616
1459,1,0.4351,1.7248,18.14,901
1460,1,0.2453,1.1509,14.36,689
1461,1,0.3536,1.3083,8.94,905
1462,1,0.2857,1.6627,17.62,756
1463,1,0.2613,1.4323,14.26,731
1464,1,0.6787,1.5328,18.12,747
1465,1,0.0000,1.5778,9.18,623
1466,1,0.2593,1.3681,15.42,671
1467,1,0.5192,1.2788,11.02,599
1468,1,0.3772,1.5734,16.10,729
1469,1,0.5296,0.9952,16.54,827
1470,1,0.1530,0.8918,8.06,647
1471,1,0.4658,0.8368,14.44,717
1472,1,0.5264,1.8697,9.96,568
1473,1,0.0000,1.7180,9.98,610
1474,1,0.1193,1.4842,12.92,570
1475,1,0.2034,1.5107,18.48,934
1476,1,0.2867,1.1669,5.88,593
1477,1,0.4724,1.9617,12.94,652
1478,1,0.2600,1.8266,13.44,623
1479,1,0.4256,1.5639,13.12,665
1480,1,0.1283,1.6358,15.94,865
1481,1,0.6148,1.6274,12.34,636
1482,1,0.2403,1.0806,9.54,720
1483,1,0.2800,0.6971,7.02,525
1484,1,0.0822,1.4934,16.02,608
1485,1,0.3495,1.4185,10.50,638
1486,1,0.2035,1.8777,14.56,801
1487,1,0.0760,0.9659,12.38,645
1488,1,0.0865,1.5138,9.88,578
1489,1,0.2258,1.6264,13.88,629
1490,1,0.1437,0.8640,12.36,647
1491,1,0.1607,1.0672,9.58,610
1492,1,0.2375,1.3330,13.78,880
1493,1,0.4304,1.4715,13.90,632
1494,1,0.3912,1.8906,21.54,859
1495,1,0.0000,1.0977,11.76,747
1496,1,0.0608,1.5978,12.48,905
1497,1,0.3575,0.9328,17.24,744
1498,1,0.7756,1.5817,20.88,753
1499,1,0.3767,1.4063,12.72,576
1500,1,0.7704,0.8149,20.88,1102
1501,1,0.2360,1.0739,8.12,555
1502,1,0.4373,0.7911,15.84,1029
1503,1,0.0289,1.2745,12.76,623
1504,1,0.4371,1.3858,17.46,858
1505,1,0.7144,1.1552,18.00,928
1506,1,0.1449,1.5294,11.24,697
1507,1,0.1520,1.1417,19.14,875
1508,1,0.7646,1.0049,16.24,824
1509,1,0.1779,1.6144,13.78,669
1510,1,0.0563,1.1485,7.20,835
1511,1,0.3922,1.1686,11.40,617
1512,1,0.0967,1.1217,9.42,600
1513,1,0.5253,1.0325,20.42,830
1514,1,0.6690,1.3033,12.98,722
1515,1,0.1556,1.1225,9.36,604
1516,1,0.1133,1.5091,11.90,662
1517,1,0.2131,1.0323,15.86,1206
1518,1,0.2384,1.6312,11.10,583
1519,1,0.3626,0.9780,15.00,728
1520,1,0.5511,1.2293,10.12,724
1521,1,0.0717,1.4751,10.88,642
1522,1,0.7200,1.3212,25.34,993
1523,1,0.1965,1.4655,15.12,855
1524,1,0.0000,1.9213,8.84,737
1525,1,0.7508,1.4228,27.16,1204
1526,1,0.1645,1.7517,14.96,1003
1527,1,0.0000,1.5036,12.80,844
1528,1,0.4008,0.9303,10.66,746
1529,1,0.0248,1.4627,15.52,765
1530,1,0.0000,1.9808,9.00,573
1531,1,0.0000,1.4982,6.94,552
1532,1,0.4762,1.0046,15.60,863
1533,1,0.3835,0.9659,8.22,498
1534,1,0.0880,1.9824,9.14,625
1535,1,0.6074,1.1127,14.60,861
1536,1,0.1886,1.4872,8.74,546
1537,1,0.1378,1.3534,11.48,798
1538,1,0.1450,1.3066,12.40,662
1539,1,1.0917,1.2752,16.66,665
1540,1,0.3256,1.4427,12.60,777
1541,1,0.7298,1.2082,16.64,903
1542,1,0.2664,1.1572,10.44,687
1543,1,0.2487,1.5025,9.66,595
1544,1,0.3576,1.3200,12.12,825
1545,1,0.3183,1.4442,15.38,977
1546,1,0.1589,1.3879,7.34,642
1547,1,0.0000,1.9000,12.12,530
1548,1,0.2095,1.1805,9.50,759
1549,1,0.4781,1.0550,20.40,891
1550,1,0.5024,1.9805,13.00,615
1551,1,0.2344,1.4738,20.76,1011
1552,1,0.3069,1.9747,12.50,554
1553,1,0.0000,1.8323,15.56,662
1554,1,0.2947,1.7614,15.54,855
1555,1,0.0000,1.1632,15.14,729
1556,1,0.3349,1.7542,16.96,830
1557,1,1.0552,0.9244,22.52,1032
1558,1,0.1608,1.4426,9.58,653
1559,1,0.1429,1.0092,14.30,1302
1560,1,0.2114,0.9660,9.36,648
1561,1,0.1541,1.1294,11.88,649
1562,1,0.3434,0.9139,15.46,859
1563,1,0.5499,1.2339,18.26,731
1564,1,0.4810,1.0181,16.34,1106
1565,1,0.2340,1.6059,13.96,812
1566,1,0.0018,1.7406,12.84,559
1567,1,0.0000,1.7957,11.36,558
1568,1,0.2948,1.8273,13.60,631
1569,1,0.5088,1.1836,14.42,855
1570,1,0.3838,1.7462,13.78,792
1571,1,0.1496,1.5857,13.10,782
1572,1,0.1642,1.9767,10.92,944
1573,1,0.0726,1.5276,11.70,923
1574,1,0.2535,1.2723,8.94,639
1575,1,0.4303,1.5174,15.22,918
1576,1,0.1444,1.5669,13.44,859
1577,1,0.0000,1.9757,15.28,906
1578,1,0.0000,1.4634,11.96,574
1579,1,0.0706,1.5042,8.28,708
1580,1,0.5509,1.2830,17.22,795
1581,1,0.1518,1.5268,12.92,672
1582,1,0.2387,1.5540,9.50,574
1583,1,0.3530,1.9860,13.16,643
1584,1,0.3502,1.7829,12.70,654
1585,1,0.4726,1.1804,15.08,948
1586,1,0.0018,1.9716,8.82,563
1587,1,0.2401,1.4403,10.38,754
1588,1,0.0719,1.0506,12.22,751
1589,1,0.3616,1.3695,16.14,636
1590,1,0.6339,1.4685,20.52,762
1591,1,0.0564,1.3231,9.88,585
1592,1,0.2024,1.4804,15.50,993
1593,1,0.0323,1.5714,13.00,651
1594,1,0.0805,1.8047,8.28,758
1595,1,0.7622,1.3159,15.70,820
1596,1,0.0000,1.6157,8.32,648
1597,1,0.1693,1.3800,9.28,750
1598,1,0.0596,1.3801,16.94,855
1599,1,0.4027,1.0597,11.76,519
1600,1,0.5168,1.1632,16.14,772
1601,1,0.1060,1.0856,11.12,736
1602,1,0.6446,1.2798,19.36,754
1603,1,0.0000,1.9759,6.82,540
1604,1,0.1631,1.6908,13.62,650
1605,1,0.1385,1.8123,12.04,650
1606,1,0.0298,1.9807,14.62,571
1607,1,0.2306,1.8076,10.76,733
1608,1,0.9002,1.7138,19.78,982
1609,1,0.5821,1.1147,20.66,907
1610,1,0.2483,1.9732,13.90,745
1611,1,0.1899,1.9711,12.54,553
1612,1,0.4706,1.4819,15.94,969
1613,1,0.3244,1.7719,11.34,675
1614,1,0.1109,1.6233,8.26,523
1615,1,0.0647,1.1665,7.72,865
1616,1,0.3469,1.6086,12.22,764
1617,1,0.1412,1.6811,10.94,602
1618,1,0.1355,1.3307,16.30,871
1619,1,0.1582,1.0538,14.38,651
1620,1,0.2444,1.6237,17.82,986
1621,1,0.2484,1.5032,13.50,632
1622,1,0.1981,1.6486,9.22,535
1623,1,0.6311,1.3756,15.52,900
1624,1,0.3151,0.8107,10.54,676
1625,1,0.1597,1.4884,13.36,645
1626,1,0.3046,1.1257,12.56,1241
1627,1,0.3231,1.3071,14.00,749
1628,1,0.7226,1.3354,13.34,811
1629,1,0.6558,1.3424,11.68,552
1630,1,0.6040,1.5724,13.34,601
1631,1,0.4548,1.8986,16.38,730
1632,1,0.1831,1.7037,16.24,874
1633,1,0.1259,1.1502,12.74,699
1634,1,0.5183,1.6444,19.78,793
1635,1,0.1301,1.6168,13.40,561
1636,1,0.0698,1.4264,8.76,673
1637,1,0.0306,1.1976,10.18,653
1638,1,0.0463,1.3323,14.16,626
1639,1,0.7568,1.3438,14.52,736
1640,1,0.0580,1.5747,8.78,569
1641,1,0.1041,1.3626,10.46,855
1642,1,0.4425,1.7859,13.10,626
1643,1,0.1407,1.2359,10.58,725
1644,1,0.1485,1.2670,7.18,633
1645,1,0.3440,1.0268,12.92,747
1646,1,0.2458,1.5649,10.66,655
1647,1,0.1252,1.2668,11.64,551
1648,1,0.0537,1.5343,12.90,670
1649,1,0.5320,1.7878,13.68,641
1650,1,0.5979,0.8528,26.46,1726
1651,1,0.0971,1.1754,15.74,690
1652,1,0.1701,1.3087,7.26,635
1653,1,0.0000,1.8267,13.12,629
1654,1,0.0504,1.0951,7.02,536
1655,1,0.0350,1.5071,11.40,1057
1656,1,0.2809,1.5382,16.74,680
1657,1,0.1850,1.9846,21.32,973
1658,1,0.0000,1.3832,17.34,903
1659,1,0.2092,1.9653,13.52,808
1660,1,0.2208,1.1597,16.28,720
1661,1,0.1328,1.7520,13.64,625
1662,1,0.6084,1.3397,15.32,789
1663,1,0.7243,0.8730,12.34,740
1664,1,0.0853,1.3633,13.16,633
1665,1,0.1731,0.9753,12.58,647
1666,1,0.8042,1.1746,14.50,756
1667,1,0.2425,1.6910,17.28,903
1668,1,0.3138,0.9985,15.72,666
1669,1,0.3507,1.0672,17.56,938
1670,1,0.0758,1.5199,10.08,554
1671,1,0.3044,1.3580,12.88,634
1672,1,0.4484,1.6949,11.22,649
1673,1,0.1027,1.0123,12.54,730
1674,1,0.1145,1.8275,12.74,655
1675,1,0.4826,1.2124,16.68,951
1676,1,0.0865,1.1523,14.70,775
1677,1,1.1393,0.9676,22.20,833
1678,1,0.1098,1.0736,19.88,774
1679,1,0.3810,1.9886,16.86,874
1680,1,0.3908,1.4288,15.98,737
1681,1,0.3120,1.0752,17.30,891
1682,1,0.0126,1.6122,15.28,954
1683,1,0.1928,1.4650,10.98,643
1684,1,0.1995,1.7416,12.74,747
1685,1,0.1243,1.6735,7.30,539
1686,1,0.1450,1.9058,10.12,531
1687,1,0.0895,1.8673,20.72,972
1688,1,0.1718,1.2436,14.42,780
1689,1,0.1897,1.2633,7.72,638
1690,1,0.0000,1.7032,14.06,647
1691,1,0.1505,1.7579,16.08,731
1692,1,0.0017,1.3265,12.30,588
1693,1,0.2044,1.5946,11.96,597
1694,1,0.3389,1.8197,11.04,599
1695,1,0.1843,1.0330,12.14,727
1696,1,0.8438,0.9292,15.68,749
1697,1,0.0000,1.6949,15.10,626
1698,1,0.0616,1.3524,10.66,698
1699,1,0.3252,1.7367,17.18,904
1700,1,0.1121,1.5000,11.96,794
1701,1,0.6085,1.1478,15.58,866
1702,1,0.2536,0.9486,12.90,836
1703,1,0.1872,1.0451,7.14,577
1704,1,0.4220,1.5745,18.82,846
1705,1,0.3840,1.6270,16.04,638
1706,1,0.0106,1.5645,12.22,659
1707,1,0.1581,1.3432,9.84,740
1708,1,0.1110,1.3505,13.38,856
1709,1,0.2272,1.2550,14.68,647
1710,1,0.2071,1.3596,10.88,623
1711,1,0.3731,1.3697,13.44,595
1712,1,0.0000,1.7733,13.42,591
1713,1,0.1360,1.7148,6.14,603
1714,1,0.7473,1.5965,13.14,637
1715,1,0.7632,0.8192,13.26,946
1716,1,0.0000,1.5796,8.96,609
1717,1,0.1027,1.5239,11.72,691
1718,1,0.0000,1.6022,8.12,724
1719,1,0.1846,1.4766,10.52,726
1720,1,0.9510,1.0767,24.38,939
1721,1,0.0295,1.7695,8.22,577
1722,1,0.4382,1.3564,9.48,550
1723,1,0.1795,1.3056,11.54,674
1724,1,0.2483,1.4916,9.80,596
1725,1,0.1985,1.2443,8.12,786
1726,1,0.3276,0.7433,11.30,635
1727,1,0.0000,1.4389,11.08,540
1728,1,0.0809,1.7150,17.46,779
1729,1,0.4543,1.9892,13.64,744
1730,1,0.2230,1.8122,17.88,740
1731,1,0.0000,1.5095,12.28,734
1732,1,0.1919,1.4465,7.64,542
1733,1,0.2493,1.6205,17.56,730
1734,1,0.4594,1.4061,16.82,788
1735,1,0.1131,1.0520,10.96,654
1736,1,0.1264,1.4484,10.26,736
1737,1,0.1661,1.1636,18.38,1626
1738,1,0.7645,1.2496,12.66,637
1739,1,0.2712,1.3263,27.68,1180
1740,1,0.5343,1.4801,14.84,627
1741,1,0.5977,0.9458,12.94,793
1742,1,0.1290,1.0618,9.68,566
1743,1,0.3517,1.4194,13.04,782
1744,1,0.4040,1.6323,16.82,854
1745,1,0.1560,1.8184,14.38,1096
1746,1,0.1107,1.2926,6.28,605
1747,1,0.0922,1.2363,11.24,694
1748,1,0.9837,1.6990,24.96,1166
1749,1,0.1678,1.6474,9.96,709
1750,1,0.1122,1.7940,14.08,597
1751,1,0.3916,1.0000,13.28,830
1752,1,0.1062,1.3105,10.02,744
1753,1,0.1028,1.3867,16.88,856
1754,1,0.3941,1.2102,13.26,647
1755,1,0.1618,1.4162,10.36,680
1756,1,0.5387,1.4241,15.26,995
1757,1,0.2598,1.2634,13.54,839
1758,1,0.1511,1.1090,10.74,523
1759,1,0.0146,1.7130,11.50,547
1760,1,0.6582,1.1934,17.10,822
1761,1,0.0051,1.8105,9.06,781
1762,1,0.7030,1.0144,16.32,835
1763,1,0.1088,1.2082,17.90,754
1764,1,0.1173,1.0613,16.90,750
1765,1,0.1162,1.2661,17.98,947
1766,1,0.4040,1.2144,13.88,849
1767,1,0.2714,1.4685,13.54,619
1768,1,0.3849,1.9791,13.90,717
1769,1,0.2752,1.8180,12.40,665
1770,1,0.0266,1.3737,5.84,752
1771,1,0.1542,1.2908,13.40,791
1772,1,0.0000,1.3633,9.84,724
1773,1,0.4573,1.0216,18.62,925
1774,1,0.3754,1.1730,10.12,578
1775,1,0.0000,1.9022,17.68,685
1776,1,0.2466,1.4033,12.74,657
1777,1,0.0000,1.5247,15.26,768
1778,1,0.2812,1.4645,15.90,633
1779,1,0.1654,1.7297,15.16,762
1780,1,0.4263,1.4550,7.40,556
1781,1,0.1932,1.4466,13.04,730
1782,1,0.6404,1.6898,14.86,748
1783,1,0.2204,1.8403,13.86,626
1784,1,0.2262,1.5009,8.80,535
1785,1,0.2981,0.7886,14.34,1258
1786,1,0.3070,1.3197,15.66,785
1787,1,0.7083,1.4478,14.18,737
1788,1,0.1592,1.4399,11.90,741
1789,1,0.2473,1.2910,16.74,732
1790,1,0.4144,1.4365,13.88,724
1791,1,0.2006,1.5251,12.34,678
1792,1,0.2955,1.2200,11.92,741
1793,1,0.3695,0.9088,8.18,636
1794,1,0.0000,1.1221,16.26,680
1795,1,0.4543,1.4644,15.24,689
1796,1,0.2108,0.9051,13.08,664
1797,1,0.0204,1.5056,7.70,538
1798,1,0.2695,1.6335,12.98,783
1799,1,0.1443,1.0821,12.40,804
1800,1,0.2217,1.5817,15.54,875
1801,1,0.1915,1.5775,14.66,658
1802,1,0.1308,0.8436,10.40,665
1803,1,0.5416,1.4948,19.20,770
1804,1,0.3325,1.7291,13.60,812
1805,1,0.3360,1.3473,12.10,622
1806,1,0.2407,1.7671,9.54,644
1807,1,0.1396,1.8604,8.06,530
1808,1,0.3739,1.7434,15.96,682
1809,1,0.1634,0.8886,12.84,1059
1810,1,0.3279,1.3377,18.24,921
1811,1,0.0000,1.8564,6.42,543
1812,1,0.0606,1.7671,10.34,627
1813,1,0.4005,1.6008,10.84,739
1814,1,0.7810,1.6003,15.18,653
1815,1,0.1667,1.2314,15.86,726
1816,1,0.2696,1.5319,14.34,690
1817,1,0.3224,1.9626,13.20,642
1818,1,0.0677,1.9537,6.10,561
1819,1,0.0064,1.8250,14.08,623
1820,1,0.5730,0.9987,17.02,747
1821,1,0.1226,1.3484,5.98,620
1822,1,0.3344,1.9625,15.50,640
1823,1,0.0898,1.4881,9.88,590
1824,1,0.1159,1.0048,16.08,621
1825,1,0.2665,1.3956,13.72,728
1826,1,0.1619,1.6444,12.52,630
1827,1,0.3333,1.2432,14.54,699
1828,1,0.2702,1.2877,15.30,803
1829,1,0.1745,1.7752,11.52,854
1830,1,0.7290,1.6839,17.72,930
1831,1,0.0929,1.3003,13.04,646
1832,1,0.0191,1.4207,7.30,523
1833,1,0.1276,1.2714,9.40,619
1834,1,0.6097,1.2790,9.96,620
1835,1,0.2629,1.3870,11.44,677
1836,1,0.2445,1.9813,14.08,589
1837,1,0.0735,0.8529,6.68,544
1838,1,0.3343,1.4863,11.76,658
1839,1,0.4647,1.2824,15.34,850
1840,1,0.2054,1.6449,8.08,628
1841,1,0.2102,1.7527,18.30,728
1842,1,0.2652,1.0497,14.98,724
1843,1,0.5956,0.8101,15.76,774
1844,1,0.2083,1.6069,13.14,725
1845,1,0.1638,1.3828,11.62,580
1846,1,0.1804,1.4379,7.74,765
1847,1,0.4796,1.8630,14.56,832
1848,1,0.1651,1.8176,8.64,751
1849,1,0.2057,1.1133,16.86,909
1850,1,0.1232,1.5819,14.26,641
1851,1,0.0897,1.5562,18.32,1237
1852,1,0.1672,0.8269,13.30,676
1853,1,0.1353,1.3024,11.06,658
1854,1,0.1777,1.1635,15.84,844
1855,1,0.3652,1.4849,12.08,794
1856,1,0.1656,1.4618,11.98,628
1857,1,0.5096,1.8457,14.90,622
1858,1,0.0362,1.8152,7.00,552
1859,1,0.1988,1.9788,9.90,518
1860,1,0.0860,1.4666,11.64,628
1861,1,0.3860,1.3806,12.38,741
1862,1,0.0267,1.2814,13.66,636
1863,1,0.2855,1.5522,18.68,795
1864,1,0.8650,0.7642,17.00,933
1865,1,0.3875,1.4109,12.60,640
1866,1,0.1240,1.7049,14.58,742
1867,1,0.0414,1.2312,12.12,532
1868,1,0.5394,1.6569,13.30,647
1869,1,0.0132,1.2996,11.92,831
1870,1,0.6199,1.1402,12.00,642
1871,1,0.0622,1.6860,15.72,723
1872,1,0.1728,0.9520,9.20,625
1873,1,0.3165,1.0562,10.28,534
1874,1,0.3477,1.3620,14.34,627
1875,1,0.4397,1.0861,12.20,639
1876,1,0.8527,0.7901,13.86,767
1877,1,0.7489,1.2642,13.08,916
1878,1,0.2338,1.6920,10.90,539
1879,1,0.4917,0.9844,16.96,960
1880,1,0.4277,1.4642,12.78,685
1881,1,0.1450,1.5663,19.30,807
1882,1,0.1444,1.5155,14.30,741
1883,1,0.3826,1.4527,14.88,656
1884,1,0.3931,1.0142,7.22,636
1885,1,0.1994,1.2346,14.28,712
1886,1,0.5320,0.9275,14.06,703
1887,1,0.0206,1.9550,10.18,533
1888,1,0.2790,1.1473,11.50,767
1889,1,0.2470,1.2817,12.82,749
1890,1,0.6667,1.5274,17.94,840
1891,1,0.6451,1.9109,18.14,741
1892,1,0.2320,1.1648,14.52,625
1893,1,0.0462,1.1043,12.08,585
1894,1,0.0015,1.5094,11.86,689
1895,1,0.5394,1.4108,12.38,723
1896,1,0.0577,1.4910,9.48,884
1897,1,0.2128,1.2454,13.54,766
1898,1,0.1086,0.9128,7.68,654
1899,1,0.5562,1.3575,12.10,649
1900,1,0.0000,1.2946,6.50,835
1901,1,0.0414,1.3738,12.50,725
1902,1,0.0530,1.6705,7.76,698
1903,1,0.0539,1.6766,6.48,538
1904,1,0.1250,1.4315,7.18,584
1905,1,0.2466,0.8792,9.20,596
1906,1,0.5995,1.2200,19.04,859
1907,1,0.1667,1.1667,12.60,852
1908,1,0.5564,1.5469,13.68,629
1909,1,0.1007,1.3906,5.72,576
1910,1,0.2645,1.8030,14.32,741
1911,1,0.7379,1.1772,19.60,824
1912,1,0.0000,1.9748,13.54,634
1913,1,0.4035,1.9825,15.78,627
1914,1,0.2215,1.1942,9.18,623
1915,1,0.1233,1.9223,13.00,592
1916,1,0.3610,1.3512,15.08,820
1917,1,0.5135,1.5075,14.76,666
1918,1,0.3528,1.5523,15.66,822
1919,1,0.0924,1.4635,14.12,617
1920,1,0.2850,1.5806,6.48,751
1921,1,0.0219,1.9545,13.42,638
1922,1,0.1722,1.0854,12.64,691
1923,1,0.0000,1.9430,10.58,596
1924,1,0.3240,1.5922,12.14,537
1925,1,0.0217,1.4768,11.50,646
1926,1,0.5178,1.6974,11.56,618
1927,1,0.2214,0.7912,15.60,795
1928,1,0.0283,1.9811,14.48,636
1929,1,0.1550,1.4954,13.06,658
1930,1,0.1549,0.9966,9.68,594
1931,1,0.4057,1.6464,10.52,1055
1932,1,0.0670,1.3650,8.98,926
1933,1,0.1573,1.2693,7.90,661
1934,1,0.0000,1.4518,9.28,591
1935,1,0.1798,1.3497,10.98,712
1936,1,0.1134,1.2308,6.62,741
1937,1,0.3593,1.5972,7.78,643
1938,1,0.3104,1.3104,12.92,625
1939,1,0.1811,1.3547,5.58,530
1940,1,0.0000,1.5398,8.42,641
1941,1,0.0970,1.7599,9.74,629
1942,1,0.3539,1.2044,18.36,729
1943,1,0.7075,1.5418,18.10,742
1944,1,0.4698,1.5043,14.24,811
1945,1,0.2461,1.7322,18.56,1150
1946,1,0.8316,1.6938,16.08,689
1947,1,0.8501,1.2262,15.44,747
1948,1,0.4896,1.4735,14.00,623
1949,1,0.2095,0.9463,12.02,931
1950,1,0.3704,1.3575,16.18,621
1951,1,0.6057,1.1491,17.36,738
1952,1,0.8060,0.9539,21.92,1041
1953,1,0.0000,1.8217,6.58,544
1954,1,0.4240,1.6186,16.84,915
1955,1,0.1613,1.6390,10.74,626
1956,1,0.1133,1.4463,13.06,1006
1957,1,0.2614,1.1217,11.80,723
1958,1,0.1101,1.1407,16.30,881
1959,1,0.3925,1.2338,19.70,958
1960,1,0.1164,0.9976,11.68,833
1961,1,0.0138,1.4465,9.66,654
1962,1,0.0015,1.5573,6.18,655
1963,1,0.1743,1.3386,13.40,700
1964,1,0.0000,1.6311,12.66,591
1965,1,0.1007,1.6892,10.08,576
1966,1,0.7215,0.6639,16.90,833
1967,1,0.4111,1.8599,16.06,664
1968,1,0.3589,0.9278,10.16,900
1969,1,0.2999,0.9416,13.22,787
1970,1,0.0150,1.7382,17.06,867
1971,1,0.0148,1.8794,10.68,539
1972,1,0.2585,0.9024,16.20,820
1973,1,0.1876,1.4853,8.48,645
1974,1,0.8172,0.7720,18.72,930
1975,1,0.7855,1.2840,23.06,993
1976,1,0.2948,1.2245,9.12,597
1977,1,0.2019,1.3223,19.04,847
1978,1,0.0000,1.3889,13.38,558
1979,1,0.0579,1.5367,15.06,708
1980,1,1.0573,0.7462,22.64,1186
1981,1,0.1972,1.3627,14.58,943
1982,1,0.3614,1.1303,15.30,844
1983,1,0.2087,1.3329,16.48,733
1984,1,0.1755,1.7633,11.14,638
1985,1,0.1341,1.1411,16.20,716
1986,1,0.3221,1.3052,12.14,711
1987,1,0.3373,1.1089,16.68,836
1988,1,0.2463,1.3019,12.22,881
1989,1,0.3431,0.9744,9.54,819
1990,1,0.1731,1.2707,9.18,676
1991,1,0.3676,1.2757,13.38,642
1992,1,0.2653,1.8389,14.12,720
1993,1,0.2176,0.9479,12.60,749
1994,1,0.2859,1.7687,10.54,696
1995,1,0.1123,0.9146,13.58,632
1996,1,0.1512,1.1607,16.04,946
1997,1,0.1134,1.2050,12.68,644
1998,1,0.1222,1.0607,15.32,1088
1999,1,0.2956,1.1086,11.00,856
2000,1,0.0000,1.0246,6.10,528
2001,1,0.2286,1.4333,8.78,630
