Episode,TotalGlobalSteps,MeanActionJitter,MeanMechJitter
1,0,0.5606861,5.404146
2,0,0.5133136,5.212488
3,0,0.6258298,5.702491
4,0,0.5304016,5.218291
5,0,0.5721512,5.827274
6,0,0.480912,5.748266
7,0,0.5702609,5.786444
8,0,0.5528293,5.767461
9,0,0.526626,5.516411
10,0,0,9.318594
11,0,0.574441,5.978159
12,0,0.5283049,5.233597
13,0,0.5218475,5.367066
14,0,0.5201875,4.818568
15,0,0.5193596,5.173406
16,0,0.4799922,4.344501
17,0,0.5244278,5.626409
18,0,0.5143526,5.138962
19,0,0.5408841,4.971607
20,0,0.5336229,4.996391
21,0,0.5435404,5.322905
22,0,0.5167153,4.933855
23,0,0.5550572,5.4909
24,0,0.5541091,5.75247
25,0,0.5660829,5.86236
26,0,0.5398958,5.259812
27,0,0.5364177,4.941951
28,0,0.5379395,5.532646
29,0,0.5232743,4.777838
30,0,0.518685,5.162889
31,0,0.528513,5.268696
32,0,0.6543872,5.001148
33,0,0.5542929,5.882439
34,0,0.5876818,5.824878
35,0,0.5383665,5.321004
36,0,0.5416889,5.782115
37,0,0.5310217,5.112329
38,0,0.5335532,5.142468
39,0,0.642233,5.970188
40,0,0.5515164,5.82673
41,0,0.5151431,5.025443
42,0,0.5122619,4.998256
43,0,0.5053968,5.674828
44,0,0.526142,5.075153
45,0,0.481837,5.03852
46,0,0.6006479,6.183408
47,0,0.4959131,4.86999
48,0,0.5409689,5.864838
49,0,0.5815313,5.866398
50,0,0.5112414,5.413507
51,0,0.5315486,5.338132
52,0,0.5424695,5.113591
53,0,0.4833445,5.233009
54,0,0.5528743,5.675646
55,0,0.5235538,5.368075
56,0,0.6034091,5.845717
57,0,0.5329541,5.903529
58,0,0.5041435,4.97331
59,0,0.476447,4.9408
60,0,0.5273526,5.313602
61,0,0.5602025,5.628929
62,0,0.5239398,5.398428
63,0,0.5398186,5.711366
64,0,0.5199776,5.152469
65,0,0.5452784,5.508131
66,0,0.5483851,5.690038
67,0,0.52156,5.310277
68,0,0.5219868,5.272967
69,0,0,13.39128
70,0,0.4733588,4.693562
71,0,0.5208346,5.165401
72,0,0.531683,6.180138
73,0,0.4888288,4.693352
74,0,0.3954492,3.465014
75,0,0.4778768,4.49571
76,0,0,10.85511
77,0,0.5000879,4.909676
78,0,0.5597941,5.710937
79,0,0.5081598,4.787559
80,0,0.5030725,5.117879
81,0,0.5476881,5.518056
82,0,0.5685087,5.715384
83,0,0.5333427,5.214166
84,0,0.6130783,5.658013
85,0,0.5412105,5.490385
86,0,0.5126457,4.616995
87,0,0.5851875,5.972318
88,0,0.5255248,5.052679
89,0,0.5644673,5.168438
90,0,0.4926904,4.614127
91,0,0.5687034,5.876468
92,0,0.5377005,5.179877
93,0,0.5666277,5.812431
94,0,0.5361159,5.557636
95,0,0,8.994077
96,0,0.5610219,5.878182
97,0,0.572067,5.699075
98,0,0.5248182,5.224123
99,0,0.5173569,4.901867
100,0,0.5151597,5.192153
101,0,0,10.87681
102,0,0.5195675,5.094625
103,0,0,13.84565
104,0,0.5632332,5.677147
105,0,0.5484011,5.591888
106,0,0.5306711,5.203115
107,0,0.5011773,5.686949
108,0,0,12.8785
109,0,0.5246059,4.864518
110,0,0.5708805,5.459777
111,0,0.5284244,5.153484
112,0,0.5860522,5.697495
113,0,0.5690601,5.594625
114,0,0.56937,5.50386
115,0,0.5222434,5.316381
116,0,0.5402147,5.389135
117,0,0.499474,4.879106
118,0,0.508943,5.004661
119,0,0,11.28275
120,0,0.5810009,5.410591
121,0,0.5100672,5.112172
122,0,0.5882042,6.021447
123,0,0.5448799,5.651582
124,0,0.558423,6.072962
125,0,0.5061514,5.111869
126,0,0.5602612,5.102797
127,0,0.5553355,5.592023
128,0,0.5504895,5.467157
129,0,0.5446326,5.35309
130,0,0,5.470189
131,0,0.5375551,5.341826
132,0,0.6100984,5.962217
133,0,0.523811,5.225451
134,0,0.5317902,5.439162
135,0,0.5694934,6.108799
136,0,0.5459636,5.344165
137,0,0.5675741,5.63729
138,0,0.5365871,5.465614
139,0,0,5.624045
140,0,0.553644,5.177926
141,0,0,13.51206
142,0,0.5370317,5.175767
143,0,0.4921355,4.986648
144,0,0.482804,4.771525
145,0,0.5024414,4.932406
146,0,0.5063435,4.919279
147,0,0.493428,4.96393
148,0,0.5390649,5.342543
149,0,0.543606,5.521022
150,0,0.5155526,4.728723
151,0,0.5511287,5.228972
152,0,0.4971642,5.064053
153,0,0.5159499,5.01163
154,0,0.5639035,5.904064
155,0,0.5266097,5.214003
156,0,0.5102537,4.969086
157,0,0.4851917,4.706842
158,0,0.512817,4.574852
159,0,0.5470589,5.17675
160,0,0.522929,5.158524
161,0,0.4991198,5.368748
162,0,0.4705071,5.061653
163,0,0.5537838,5.502433
164,0,0.6200655,6.30084
165,0,0.5183285,5.153276
166,0,0.5516371,5.656415
167,0,0.5162763,5.554088
168,0,0.5003902,5.427643
169,0,0,19.39486
170,0,0,0
171,0,0.518869,5.284796
172,0,0.5286833,5.632103
173,0,0.5198633,5.121262
174,0,0.4877882,4.530213
175,0,0.5394893,5.285276
176,0,0.5081765,4.82166
177,0,0.5898597,5.959791
178,0,0.5201594,4.993577
179,0,0.5223751,5.498729
180,0,0.5089729,5.451277
181,0,0.5056729,5.041245
182,0,0.5376679,5.410298
183,0,0.5768793,6.048742
184,0,0.5280189,5.377905
185,0,0.5813028,5.609797
186,0,0.4939805,5.238135
187,0,0.5518289,5.177684
188,0,0.5069703,4.862287
189,0,0.5341149,5.35376
190,0,0.5290501,5.221557
191,0,0.5235581,5.507139
192,0,0.5142594,5.382397
193,0,0.515775,5.07254
194,0,0.5591509,5.536966
195,0,0.5183122,5.239253
196,0,0.5105265,5.436741
197,0,0.499288,5.050125
198,0,0.4921297,4.663806
199,0,0.5432342,5.62288
200,0,0.518312,5.722458
201,0,0.5082955,5.324172
202,0,0.5206388,5.554302
203,0,0.5311446,5.265142
204,0,0.5241859,4.826704
205,0,0.5452554,5.525793
206,0,0.5242681,5.152014
207,0,0.6931131,6.235103
208,0,0.5905159,5.751853
209,0,0.5419387,5.331196
210,0,0.5748447,5.533519
211,0,0.587567,6.146355
212,0,0.6013209,6.048204
213,0,0.5192453,5.424481
214,0,0.5257267,5.954611
215,0,0.5074967,5.084166
216,0,0.5495405,5.401063
217,0,0.5800396,5.757865
218,0,0.6133952,6.143548
219,0,0.5397871,5.39426
220,0,0,17.84103
221,0,0.5409191,5.32453
222,0,0.5461072,5.273151
223,0,0.5573127,5.401193
224,0,0.5751161,6.07127
225,0,0,23.39524
226,0,0.5832618,6.401225
227,0,0.4997108,5.768823
228,0,0.5276339,5.108692
229,0,0.4888759,4.819967
230,0,0.5348528,5.263083
231,0,0.5108275,4.792633
232,0,0.5680475,5.708403
233,0,0.5435745,5.72291
234,0,0.5368112,5.503103
235,0,0.4790161,4.827672
236,0,0.4912877,5.605186
237,0,0.5436323,5.53372
238,0,0.5121856,5.304565
239,0,0.4875455,4.973095
240,0,0.5195996,5.379263
241,0,0.6489494,5.357704
242,0,0.5542253,5.694567
243,0,0.55795,5.559618
244,0,0.4983042,4.925656
245,0,0,9.462953
246,0,0.5174732,4.913658
247,0,0.4675746,4.859785
248,0,0.5366411,5.53863
249,0,0.5382734,5.221137
250,0,0.5394632,5.272491
251,0,0.5375266,5.490118
252,0,0.5226272,5.021087
253,0,0.5372422,5.477004
254,0,0.5177617,5.204521
255,0,0.5369064,5.179549
256,0,0.5859179,5.693651
257,0,0,5.151801
258,0,0.5294152,5.446052
259,0,0.5481336,5.454485
260,0,0.5334002,5.744049
261,0,0.6187677,5.950659
262,0,0.5078409,5.190084
263,0,0.5157149,5.376143
264,0,0.5598189,5.725956
265,0,0.5351745,5.45101
266,0,0.5102531,4.981256
267,0,0.5682678,4.466129
268,0,0.533735,5.321106
269,0,0.5256212,5.548956
270,0,0.5440792,5.419617
271,0,0.5920075,6.019044
272,0,0.5443013,5.347108
273,0,0.5082359,5.19064
274,0,0.4793471,5.097821
275,0,0.5529816,5.471626
276,0,0.5400015,4.816087
277,0,0.5430499,5.76876
278,0,0.5345536,5.133503
279,0,0.5410994,5.278028
280,0,0.5227857,5.293489
281,0,0.5551503,5.721634
282,0,0.5364031,5.368297
283,0,0.5499285,5.706254
284,0,0.5220256,5.00256
285,0,0.5118166,4.918162
286,0,0.5948957,5.918015
287,0,0.5085952,5.20116
288,0,0.5876672,5.833291
289,0,0.5124322,5.387344
290,0,0.5492775,5.025451
291,0,0,12.29929
292,0,0.5477932,5.20591
293,0,0.514181,5.139325
294,0,0.4541929,4.452243
295,0,0.6017762,5.997793
296,0,0.5686246,5.748672
297,0,0,15.43838
298,0,0.5676599,6.075955
299,0,0.5072905,4.690482
300,0,0.5266612,5.400847
301,0,0.5090284,5.056252
302,0,0.4857447,4.642492
303,0,0.5046104,5.158331
304,0,0.4285769,4.497135
305,0,0.5393429,5.578093
306,0,0.5485744,5.736146
307,0,0.5463775,5.371629
308,0,0.5170268,5.322175
309,0,0.5562248,5.789869
310,0,0.4833617,4.896718
311,0,0.5131624,5.044566
312,0,0.5357201,4.875724
313,0,0.5898471,5.810956
314,0,0,10.73195
315,0,0.5709834,5.863341
316,0,0.519621,4.680193
317,0,0,15.19565
318,0,0.5067465,4.907291
319,0,0.5115296,5.348988
320,0,0.5090407,5.369817
321,0,0.5416619,5.554821
322,0,0.6028156,5.61505
323,0,0.5179651,5.407692
324,0,0.5400755,5.431516
325,0,0.5181834,5.278601
326,0,0.520239,5.241819
327,0,0.539012,5.329722
328,0,0.5249173,5.069789
329,0,0.5197823,5.377206
330,0,0.5488006,5.911503
331,0,0.6056578,5.314765
332,0,0.564847,6.083253
333,0,0.5371072,5.290888
334,0,0.5129104,4.676359
335,0,0.5789892,5.865345
336,0,0.5467439,5.719672
337,0,0.5170727,5.217959
338,0,0,10.53452
339,0,0.5319984,5.042636
340,0,0.5159281,4.689627
341,0,0.5281334,5.215031
342,0,0,7.891847
343,0,0.5173686,5.461373
344,0,0.4963985,4.475065
345,0,0.6062326,6.071944
346,0,0.5109325,4.943207
347,0,0.5863998,5.494411
348,0,0.4935107,4.566058
349,0,0.5126308,5.569375
350,0,0.6046963,6.321916
351,0,0.5385438,5.160417
352,0,0.593914,6.119431
353,0,0.5383761,5.46035
354,0,0.5371588,5.20721
355,0,0.5018827,5.079996
356,0,0.4761597,4.669613
357,0,0.5383127,5.245615
358,0,0.5974869,5.846253
359,0,0.5237259,5.379537
360,0,0.506583,4.686062
361,0,0.515734,4.756487
362,0,0.5000598,4.923483
363,0,0,3.562123
364,0,0.4423499,3.671
365,0,0.5884961,6.337531
366,0,0.5941687,5.942233
367,0,0.5316062,5.772712
368,0,0,17.57458
369,0,0.5576889,5.619408
370,0,0.5657754,5.816689
371,0,0.5621362,6.014184
372,0,0.535977,5.324114
373,0,0.5323326,5.317523
374,0,0.5125008,4.808464
375,0,0.5247124,5.313408
376,0,0.5392373,5.549371
377,0,0.6505249,7.050663
378,0,0.5991489,5.886449
379,0,0.502372,4.934024
380,0,0.5657341,5.474779
381,0,0.4950736,4.679247
382,0,0.5820517,6.078317
383,0,0.5035966,5.225425
384,0,0.5730357,5.745562
385,0,0.5178272,5.185244
386,0,0.5729997,6.066373
387,0,0.5401068,5.69345
388,0,0.5616992,5.8351
389,0,0.4129601,4.765015
390,0,0.533025,5.572377
391,0,0.5103796,5.147166
392,0,0.4945468,5.097533
393,0,0.4968205,4.820124
394,0,0.5509708,5.513826
395,0,0.5513066,5.556171
396,0,0.596758,5.693547
397,0,0.4991409,5.067213
398,0,0.5498567,5.703889
399,0,0.5689752,5.506032
400,0,0.559715,5.520123
401,0,0,20.37167
402,0,0.5486019,5.076076
403,0,0,10.51768
404,0,0.5161344,5.443324
405,0,0.5371865,5.268451
406,0,0.5121709,5.215843
407,0,0.5339813,5.203566
408,0,0.4904012,4.575724
409,0,0.5213857,5.126109
410,0,0.5478743,5.560254
411,0,0.5179572,5.141689
412,0,0.5379404,5.225596
413,0,0.5247331,5.212275
414,0,0.5003862,5.029983
415,0,0.5239903,5.244282
416,0,0.5492042,5.274028
417,0,0.5715597,5.562583
418,0,0.4937797,4.62804
419,0,0.546885,5.461925
420,0,0.5519115,5.540404
421,0,0,11.9037
422,0,0.4756685,4.538457
423,0,0.5347305,5.709047
424,0,0.5233045,5.208658
425,0,0.5074638,5.162877
426,0,0.6325048,5.241096
427,0,0,12.52413
428,0,0.5060249,4.71251
429,0,0.5441525,5.687016
430,0,0.5090486,5.204191
431,0,0.5662618,5.818247
432,0,0.5418466,5.545677
433,0,0.5902498,5.621321
434,0,0,16.15157
435,0,0.541123,5.153289
436,0,0.5037754,4.627715
437,0,0.4847342,4.525676
438,0,0.4918001,4.881672
439,0,0.5695263,6.067474
440,0,0.5176152,5.069137
441,0,0.5112178,5.021137
442,0,0.5571187,5.850337
443,0,0.5507569,5.449106
444,0,0.5844843,6.484584
445,0,0.5142985,5.271299
446,0,0.5061503,5.292806
447,0,0.538785,5.587734
448,0,0.4859178,5.104527
449,0,0,11.94195
450,0,0,0
451,0,0.5016319,4.858638
452,0,0.5601838,6.101521
453,0,0.5439957,5.724988
454,0,0.5418728,5.129482
455,0,0.5109268,5.085628
456,0,0.5136873,5.134779
457,0,0.5348287,5.261864
458,0,0.4957491,5.049296
459,0,0.5754126,5.712687
460,0,0.5878831,5.913416
461,0,0,9.454472
462,0,0.516089,4.971269
463,0,0,9.294106
464,0,0.5451733,5.523896
465,0,0.5408457,5.416908
466,0,0.5029633,5.280618
467,0,0.5147233,5.234249
468,0,0.5340391,5.655712
469,0,0.5346715,5.722282
470,0,0.495431,5.430137
471,0,0.5340246,5.319669
472,0,0,7.364953
473,0,0.4936139,4.873335
474,0,0.5420704,5.248353
475,0,0.5067725,4.60689
476,0,0.5219083,5.281703
477,0,0.5316957,5.38027
478,0,0.5050204,5.057025
479,0,0.5230008,5.229543
480,0,0.5156093,5.22837
481,0,0.5240964,5.052533
482,0,0,10.63264
483,0,0.5229742,5.221347
484,0,0.5559653,5.711473
485,0,0,9.657616
486,0,0.4976655,4.961618
487,0,0.5035909,4.957747
488,0,0.5619602,6.193394
489,0,0.5938674,6.185793
490,0,0.5156312,5.509955
491,0,0.5008468,5.200593
492,0,0.5314989,5.550655
493,0,0.5369043,5.377938
494,0,0.5542603,6.079823
495,0,0.5078295,4.975374
496,0,0.5649875,5.63047
497,0,0.5578485,5.493659
498,0,0.5067424,5.017089
499,0,0.5508957,6.026473
500,0,0.5578778,5.592676
501,0,0.6078805,6.306908
502,0,0.5101446,5.434323
503,0,0.5176903,5.297759
504,0,0.5382434,5.293309
505,0,0.5389501,5.243546
506,0,0.5321425,5.257748
507,0,0.549987,5.459442
508,0,0.4860761,5.008449
509,0,0,15.29382
510,0,0.5419548,5.697984
511,0,0.5590982,5.650132
512,0,0.521817,5.218824
513,0,0.5038148,4.914788
514,0,0.5261638,4.948042
515,0,0.593913,5.579288
516,0,0.5124296,5.145635
517,0,0.5027263,5.4342
518,0,0.530032,5.170199
519,0,0.5852208,5.736424
520,0,0.5540829,5.474551
521,0,0.5224364,5.046778
522,0,0,16.01821
523,0,0.5595813,5.830453
524,0,0.5136844,5.183949
525,0,0.554275,6.293702
526,0,0.545765,5.767124
527,0,0.5020007,5.209475
528,0,0.4983555,5.393687
529,0,0.5322288,5.552904
530,0,0.5619447,5.006757
531,0,0.5550688,5.746605
532,0,0.4920389,5.893326
533,0,0.5784089,6.052725
534,0,0.5148775,4.72999
535,0,0.544478,5.270553
536,0,0.537726,5.146083
537,0,0.2905903,3.934785
538,0,0.524064,4.986437
539,0,0,8.143718
540,0,0.5596209,5.963947
541,0,0.5354024,5.409353
542,0,0.5127819,5.270192
543,0,0.4934371,5.389741
544,0,0.43737,4.097732
545,0,0.4689315,5.661796
546,0,0.5064377,4.980983
547,0,0.4944485,5.756634
548,0,0.5353453,5.322588
549,0,0.507859,5.20492
550,0,0.5109469,5.132886
551,0,0.524834,5.435505
552,0,0.5263146,5.122323
553,0,0.5636693,5.839938
554,0,0.514648,5.192445
555,0,0.4735365,5.029691
556,0,0.5243008,5.360327
557,0,0.5656773,5.572051
558,0,0,15.70868
559,0,0.5500748,5.577834
560,0,0.5665525,5.728488
561,0,0.5763724,6.023186
562,0,0.4917911,4.84894
563,0,0.4971517,4.96324
564,0,0.1546848,3.549561
565,0,0.4864196,4.790128
566,0,0.5568401,6.018718
567,0,0.5119551,5.123703
568,0,0,8.291809
569,0,0.5645282,5.378237
570,0,0.5659972,4.952479
571,0,0.6127539,6.121713
572,0,0.604104,6.309349
573,0,0.499761,5.289275
574,0,0,15.76889
575,0,0.5244341,5.379887
576,0,0.479551,4.771149
577,0,0.5437468,5.719161
578,0,0.5275239,5.304531
579,0,0.5117428,5.24407
580,0,0.5128451,5.375197
581,0,0.5013652,4.946848
582,0,0.5213525,4.112825
583,0,0.5685568,5.953579
584,0,0.5148726,5.112787
585,0,0.5529748,4.811676
586,0,0.5636511,5.471531
587,0,0.5321694,5.585499
588,0,0.5347125,4.748449
589,0,0.508629,5.374136
590,0,0.5446017,5.633465
591,0,0.4971848,5.256481
592,0,0.5071536,4.971653
593,0,0.5872657,5.10717
594,0,0.5155272,5.196298
595,0,0.5309175,5.340238
596,0,0.5337541,5.71969
597,0,0.511864,5.280622
598,0,0.5424389,5.396537
599,0,0.5366117,5.228392
600,0,0.517537,5.285392
601,0,0.4988531,6.470708
602,0,0.5571138,5.452469
603,0,0.5659226,5.61017
604,0,0.5545441,5.965813
605,0,0.5638185,5.706923
606,0,0.5010785,4.877391
607,0,0.5218971,5.199678
608,0,0.5205496,5.338942
609,0,0.6215028,6.068056
610,0,0.5084222,5.012425
611,0,0.5097181,5.211374
612,0,0.4995618,5.016562
613,0,0.5359683,5.398904
614,0,0.4897762,5.073214
615,0,0.6044129,6.287884
616,0,0.5605303,4.990687
617,0,0.5423949,5.46595
618,0,0.343416,4.361883
619,0,0.5389634,5.125952
620,0,0.4960824,4.892315
621,0,0.505007,5.195573
622,0,0.5873739,5.915633
623,0,0.4815957,4.673199
624,0,0.5502811,5.583471
625,0,0.5250905,4.940611
626,0,0.5090594,4.669655
627,0,0.5534157,5.423225
628,0,0.4609771,4.536381
629,0,0.4970255,4.737113
630,0,0.5224312,5.257747
631,0,0.5768747,5.365287
632,0,0,22.04996
633,0,0.5035208,5.211033
634,0,0.5300965,7.62761
635,0,0.5683325,5.885521
636,0,0.4818229,4.673089
637,0,0.5073151,5.312654
638,0,0.5028771,5.264798
639,0,0.5081974,5.081715
640,0,0.5230016,5.128173
641,0,0.5583621,5.199483
642,0,0.5330846,5.404963
643,0,0.5343024,5.564215
644,0,0,10.74237
645,0,0.5162164,5.402429
646,0,0.5372499,5.021431
647,0,0.5664314,5.706946
648,0,0.5255321,5.119727
649,0,0.4070262,4.06365
650,0,0.5250876,5.107136
651,0,0.5282,5.17552
652,0,0,19.54367
653,0,0.5359594,5.260767
654,0,0.5316626,5.21104
655,0,0.5441583,5.320198
656,0,0.5265899,5.329329
657,0,0.3392496,4.898292
658,0,0.536069,5.457588
659,0,0.5393165,5.529746
660,0,0.5195113,5.474656
661,0,0.5248315,5.006314
662,0,0.5414347,5.57919
663,0,0.5268301,4.982029
664,0,0.5208582,5.038605
665,0,0.5307494,5.012774
666,0,0.533998,5.227097
667,0,0.5532446,5.478472
668,0,0.5496023,5.315209
669,0,0.4894386,5.027151
670,0,0.5567515,5.460917
671,0,0.5238522,5.401179
672,0,0.5582175,5.508138
673,0,0.5183781,5.384824
674,0,0.511312,4.795284
675,0,0.5714136,5.791286
676,0,0.4885426,5.027812
677,0,0.5539534,5.631016
678,0,0.5436895,5.580564
679,0,0,12.52255
680,0,0.5623357,5.593669
681,0,0.5378693,5.520426
682,0,0.5022437,5.324071
683,0,0.5531627,5.701779
684,0,0.5058715,4.836761
685,0,0.5386679,5.423538
686,0,0.5113621,5.061639
687,0,0.5337481,5.252589
688,0,0.5513291,5.305502
689,0,0.4870181,5.322917
690,0,0.517814,5.433733
691,0,0.5165651,5.06166
692,0,0.4473567,4.635682
693,0,0.5280155,5.571426
694,0,0.5525911,5.926433
695,0,0.5473734,5.237349
696,0,0.5573975,5.409193
697,0,0.5167928,5.493268
698,0,0.5348505,5.149986
699,0,0.4839017,5.076123
700,0,0.5038528,4.856507
701,0,0.5302715,5.33829
702,0,0.535579,5.177015
703,0,0.4465213,4.391641
704,0,0.51895,5.175741
705,0,0.5304694,5.378997
706,0,0.5050011,4.910396
707,0,0.5741844,5.453805
708,0,0.5289841,5.233454
709,0,0.4899787,4.476526
710,0,0.538132,5.243419
711,0,0.5190754,4.642509
712,0,0.5068275,5.175983
713,0,0.5524253,4.961462
714,0,0.4855348,4.996844
715,0,0.5914773,5.863686
716,0,0.5248655,5.280671
717,0,0.5109922,4.883426
718,0,0.5548053,6.098421
719,0,0.5736443,5.810937
720,0,0.5316229,5.033445
721,0,0.51736,5.158719
722,0,0.4989028,4.908584
723,0,0.5277221,5.317722
724,0,0.4894637,4.741814
725,0,0.5376249,5.483616
726,0,0.5077314,5.153935
727,0,0.5629582,5.498387
728,0,0.5440767,5.519837
729,0,0.5179727,5.538071
730,0,0.5352591,5.175589
731,0,0.5273531,5.315835
732,0,0.5336148,5.125142
733,0,0.5199007,5.568161
734,0,0.5328312,5.140253
735,0,0.546613,5.477771
736,0,0.5055243,4.678775
737,0,0.5640443,5.524329
738,0,0.5474983,5.483423
739,0,0,10.2534
740,0,0.5896941,5.59376
741,0,0,14.19829
742,0,0.5060804,5.797549
743,0,0.5298097,5.688703
744,0,0.5128595,5.242067
745,0,0.6044728,6.379073
746,0,0.5027175,5.790589
747,0,0.5002082,4.920605
748,0,0.5234823,5.235832
749,0,0.4804234,4.623676
750,0,0.5523095,5.404715
751,0,0.5093076,5.119337
752,0,0.5719838,5.532024
753,0,0.5704722,6.389019
754,0,0.5511364,5.731496
755,0,0.5488024,5.394383
756,0,0.5363172,5.139304
757,0,0.3535858,4.609329
758,0,0.5087976,5.109001
759,0,0.5101885,5.256672
760,0,0.5390391,5.142682
761,0,0.5128596,5.178226
762,0,0.5264933,5.072924
763,0,0.3711748,6.484458
764,0,0.4748435,4.632684
765,0,0.537522,5.336456
766,0,0.5532518,5.607337
767,0,0.538816,5.572943
768,0,0.5152835,5.530641
769,0,0.5042922,5.236884
770,0,0.480045,4.826675
771,0,0.563915,5.386339
772,0,0.5292752,5.833067
773,0,0,12.64508
774,0,0.5251892,5.407528
775,0,0.5519036,5.421785
776,0,0,15.9896
777,0,0.5485922,5.741734
778,0,0,22.00676
779,0,0.5453207,5.806995
780,0,0.5181187,4.883996
781,0,0.4676457,4.685464
782,0,0.5406694,5.31561
783,0,0,12.02488
784,0,0.5650744,5.442048
785,0,0.5019891,5.042516
786,0,0.6035894,5.101257
787,0,0.5335408,5.44706
788,0,0.6174744,5.972197
789,0,0,7.628917
790,0,0.5424154,5.568681
791,0,0.5164589,4.972422
792,0,0.5235081,5.682847
793,0,0.4790696,4.889204
794,0,0.5579629,5.741515
795,0,0.5430247,5.958419
796,0,0.5660195,5.152313
797,0,0.5420442,5.443965
798,0,0.5486342,5.579988
799,0,0.5142052,5.411964
800,0,0.5337483,5.200428
801,0,0.5257977,5.455431
802,0,0.5077937,5.100348
803,0,0.53181,5.572873
804,0,0.5319065,5.611295
805,0,0.5551693,5.781594
806,0,0.5406961,5.640072
807,0,0.5691746,6.517181
808,0,0.4683045,4.245878
809,0,0,9.50904
810,0,0.5235408,5.349703
811,0,0,11.87604
812,0,0.5151373,5.058825
813,0,0.5843366,5.802612
814,0,0.5384097,5.426277
815,0,0.5131221,5.306484
816,0,0.526688,5.410872
817,0,0.4964326,4.710968
818,0,0,15.33411
819,0,0.505198,4.894621
820,0,0.520568,5.10939
821,0,0.6360086,6.174168
822,0,0.4970703,4.919542
823,0,0.5821176,6.023726
824,0,0.527955,5.000103
825,0,0,12.2398
826,0,0.525793,5.081161
827,0,0.5279499,5.382357
828,0,0.5528594,6.328211
829,0,0.5389686,5.468071
830,0,0,14.03528
831,0,0.5481616,5.644238
832,0,0.527055,5.573117
833,0,0.5380412,5.275139
834,0,0.532836,5.290287
835,0,0.5837365,5.825431
836,0,0.5316861,5.471022
837,0,0.5475625,5.908937
838,0,0.5636421,6.333157
839,0,0.5216116,5.103539
840,0,0.5433344,5.200408
841,0,0.5410397,5.62183
842,0,0.6128926,5.070238
843,0,0.5030622,4.731267
844,0,0.3340248,3.897285
845,0,0.5064749,4.837726
846,0,0.4967217,5.340382
847,0,0.5125836,5.304901
848,0,0,16.30796
849,0,0.5088676,5.008585
850,0,0.5276476,5.457582
851,0,0.5431077,5.285068
852,0,0.5290872,5.277192
853,0,0.5104836,5.15299
854,0,0.5015116,4.694676
855,0,0.5093474,5.22914
856,0,0.4768866,5.05872
857,0,0.5118912,5.089927
858,0,0.5401866,5.363588
859,0,0.5197569,5.42929
860,0,0.5029897,5.094004
861,0,0.5089878,5.207915
862,0,0.5499809,5.640629
863,0,0.5257681,5.257683
864,0,0.582188,6.531535
865,0,0.6635998,6.408293
866,0,0.6242537,6.786086
867,0,0.5170779,5.524336
868,0,0.510459,5.501786
869,0,0.5256398,5.132144
870,0,0.5634228,5.720324
871,0,0.5257066,5.486256
872,0,0.5490207,5.722455
873,0,0.5320666,5.66399
874,0,0.4714794,4.445664
875,0,0.6037765,5.305197
876,0,0.5642195,5.396223
877,0,0.4888318,4.95037
878,0,0.5799924,5.905388
879,0,0.5353407,5.23866
880,0,0.5695131,5.735561
881,0,0.5144695,5.032981
882,0,0.5057787,4.857352
883,0,0.5350384,5.105609
884,0,0.5403646,5.790799
885,0,0,22.15551
886,0,0.5393596,4.980492
887,0,0.5449757,5.458751
888,0,0,16.47217
889,0,0.5545252,5.532289
890,0,0.5078064,4.89191
891,0,0.5814713,5.641346
892,0,0,7.208636
893,0,0.495032,4.824013
894,0,0.463292,4.762484
895,0,0.4756376,5.009635
896,0,0.504752,4.496721
897,0,0.4821875,5.196633
898,0,0.5030287,5.22232
899,0,0.4922363,4.812314
900,0,0.5213397,5.072921
901,0,0.5118794,5.305701
902,0,0,12.95166
903,0,0.5095959,4.962627
904,0,0.5192813,5.097341
905,0,0.5072675,5.137167
906,0,0.5628234,5.232437
907,0,0.6035393,5.743339
908,0,0.5391709,5.593881
909,0,0.5771919,6.093984
910,0,0,23.7861
911,0,0.549852,5.357837
912,0,0.5483162,5.665525
913,0,0.5231879,5.449155
914,0,0.6391069,5.715621
915,0,0.5024626,5.072968
916,0,0.4946296,4.804428
917,0,0.5726498,5.570643
918,0,0.507845,4.958306
919,0,0.5192112,5.118874
920,0,0.5249226,5.577588
921,0,0.542855,5.177656
922,0,0.5338048,4.928249
923,0,0.5259992,5.103889
924,0,0.533002,5.146103
925,0,0.5267758,5.336973
926,0,0.514913,4.75879
927,0,0.5311924,4.585549
928,0,0.5595179,5.521005
929,0,0.5030368,5.231809
930,0,0.5225323,5.529327
931,0,0.5290303,5.385106
932,0,0.5099686,5.096418
933,0,0.5368465,5.442215
934,0,0.560776,5.831528
935,0,0.5205817,5.211808
936,0,0.5579522,5.521905
937,0,0.5020137,5.200033
938,0,0.5017124,4.955208
939,0,0.5497733,5.683705
940,0,0.5665523,5.421562
941,0,0.5734056,5.820437
942,0,0,18.40307
943,0,0.4931951,5.073354
944,0,0.5049061,5.421998
945,0,0,16.69361
946,0,0.5284736,5.109329
947,0,0.5177649,4.861252
948,0,0.5129945,5.268445
949,0,0,8.535043
950,0,0.4927908,5.164421
951,0,0.6052921,6.233037
952,0,0.5414297,6.038535
953,0,0.5507764,5.652943
954,0,0,21.52954
955,0,0.5428985,5.070032
956,0,0.5735655,5.578224
957,0,0.5821976,5.498095
958,0,0.534153,5.343884
959,0,0.5333666,5.781801
960,0,0.5492865,5.865498
961,0,0.5154717,5.230875
962,0,0.4945718,4.964612
963,0,0.5073486,5.065917
964,0,0.6013504,5.885488
965,0,0.5492206,5.506289
966,0,0.5016555,5.320911
967,0,0.5743535,6.054198
968,0,0.5193428,5.261502
969,0,0.5355282,5.229889
970,0,0,14.339
971,0,0.4789557,4.564446
972,0,0.5294626,4.87865
973,0,0.5763307,6.060341
974,0,0.534259,5.36909
975,0,0.506951,5.117478
976,0,0.5706141,5.679914
977,0,0.4910389,4.740551
978,0,0.5184109,4.843581
979,0,0.5506411,5.43281
980,0,0.5111146,5.341898
981,0,0.5711556,5.230579
982,0,0.5222435,5.121333
983,0,0.4990182,4.525357
984,0,0.5644894,6.090876
985,0,0.5071539,5.269116
986,0,0.5474104,5.826618
987,0,0.4546801,4.604412
988,0,0.5218106,5.061683
989,0,0.5351802,4.76322
990,0,0.6211688,5.945446
991,0,0.5991979,5.925234
992,0,0.508088,5.141871
993,0,0.5956447,5.940062
994,0,0.5115915,4.910143
995,0,0.4968957,5.039576
996,0,0.5227107,5.208572
997,0,0.5913016,5.670508
998,0,0.568561,6.131051
999,0,0.504258,4.831734
1000,0,0.5388133,5.555954
1001,0,0,8.414018
1002,0,0.5530039,5.320519
1003,0,0.531909,5.206167
1004,0,0.572543,5.827214
1005,0,0.5427854,5.371365
1006,0,0.5807369,5.917201
1007,0,0.5526195,5.473415
1008,0,0.5415328,5.620621
1009,0,0.5387868,5.407698
1010,0,0.5182194,5.342334
1011,0,0.5663342,6.023164
1012,0,0.4931019,4.735658
1013,0,0,7.805547
1014,0,0.531468,5.677932
1015,0,0.5451427,5.758551
1016,0,0.5735945,6.060393
1017,0,0.5166512,5.078434
1018,0,0.5311865,5.187153
1019,0,0.562115,5.640509
1020,0,0.5210884,5.371786
1021,0,0,8.466021
1022,0,0.5248546,5.309814
1023,0,0.5838846,5.753447
1024,0,0.5558504,5.560512
1025,0,0.4860128,5.320742
1026,0,0.5682635,6.095398
1027,0,0.4920656,4.699248
1028,0,0.5706905,5.825995
1029,0,0.5554223,5.691721
1030,0,0.5088157,5.325122
1031,0,0.5342158,5.486253
1032,0,0.5008945,5.101288
1033,0,0.5222303,5.679065
1034,0,0,15.17074
1035,0,0.5151311,5.069532
1036,0,0.5129099,5.082441
1037,0,0.3195096,5.194129
1038,0,0.5283452,5.087308
1039,0,0,5.232597
1040,0,0.5178365,5.211869
1041,0,0.5731118,5.447925
1042,0,0.5694262,5.63447
1043,0,0.5239006,5.230427
1044,0,0,10.93274
1045,0,0.5495808,5.283472
1046,0,0.5823962,6.023606
1047,0,0.4598595,4.155643
1048,0,0.4957796,5.108683
1049,0,0.5582891,5.432282
1050,0,0.5273683,4.94937
1051,0,0.5128456,5.120386
1052,0,0.5331007,5.560838
1053,0,0.5428141,5.509614
1054,0,0.5914946,6.125349
1055,0,0.4868861,4.797304
1056,0,0.5366653,5.261501
1057,0,0,6.858618
1058,0,0.5165532,5.21572
1059,0,0.5057992,5.033075
1060,0,0.5063998,5.079074
1061,0,0.4913951,4.773924
1062,0,0.5385354,5.185344
1063,0,0.5526704,5.286761
1064,0,0.5249595,5.421848
1065,0,0.560511,5.981104
1066,0,0.5404801,5.071609
1067,0,0.5651585,5.06598
1068,0,0.501085,5.117965
1069,0,0.7687045,6.242829
1070,0,0.5125326,5.249888
1071,0,0.548021,5.257292
1072,0,0.5225299,5.270844
1073,0,0.5284588,5.301079
1074,0,0.5224565,4.809314
1075,0,0.5510134,5.908864
1076,0,0.5119624,5.1851
1077,0,0.5859674,5.875374
1078,0,0.5627599,5.442399
1079,0,0.5100415,4.870408
1080,0,0.5156577,5.073199
1081,0,0.5343403,5.329154
1082,0,0.5637875,5.48105
1083,0,0.5073285,4.985903
1084,0,0.5340977,5.277603
1085,0,0.5653698,5.649692
1086,0,0.5496462,5.973086
1087,0,0.5031823,5.091224
1088,0,0.5183671,5.269395
1089,0,0.4579838,4.803741
1090,0,0.5688106,5.626559
1091,0,0.4976379,4.886154
1092,0,0.5108884,4.945178
1093,0,0.4927594,5.167406
1094,0,0.4911323,5.752741
1095,0,0.5155486,5.007831
1096,0,0.5058646,4.889836
1097,0,0.4960224,5.330898
1098,0,0.5522639,5.59235
1099,0,0.5303967,5.473373
1100,0,0.52576,5.240722
1101,0,0.5346273,5.474398
1102,0,0.2513535,4.039554
1103,0,0.5865687,6.604832
1104,0,0.536283,5.634254
1105,0,0.5254611,5.615819
1106,0,0.5870146,6.085376
1107,0,0.5259364,5.391582
1108,0,0.5173383,5.249189
1109,0,0.5270877,5.42755
1110,0,0.535958,5.230467
1111,0,0.5495854,5.308072
1112,0,0.532823,5.365317
1113,0,0.5605828,5.745412
1114,0,0.5052014,4.736218
1115,0,0.5527732,5.455856
1116,0,0.5335847,5.263289
1117,0,0.5257171,5.402807
1118,0,0.5439795,5.190996
1119,0,0.5064971,5.590512
1120,0,0,8.119901
1121,0,0.5448988,5.264248
1122,0,0.5525799,5.687213
1123,0,0.4929444,4.904314
1124,0,0.524339,5.025894
1125,0,0.4614234,4.244117
1126,0,0.5579376,5.493223
1127,0,0,11.09172
1128,0,0.5463362,4.926301
1129,0,0.5350686,5.269458
1130,0,0.5630726,5.39086
1131,0,0.555938,5.548915
1132,0,0.5072529,5.049623
1133,0,0.5100004,5.079803
1134,0,0.5230452,5.362017
1135,0,0.4722851,4.68868
1136,0,0.4902056,4.725064
1137,0,0.5193083,5.149039
1138,0,0.5051417,4.992787
1139,0,0.5097904,5.187852
1140,0,0.5186126,5.07178
1141,0,0.5525578,5.50557
1142,0,0.5426884,5.471228
1143,0,0.4800872,5.191177
1144,0,0.5045831,4.62839
1145,0,0.514012,5.215538
1146,0,0.487617,5.179276
1147,0,0.5296789,5.278238
1148,0,0.4939881,4.842567
1149,0,0.4617721,4.174998
1150,0,0.5671512,5.432266
1151,0,0.5272345,5.125174
1152,0,0.5353585,5.460171
1153,0,0.1420857,3.152476
1154,0,0.5293555,5.283371
1155,0,0.4899454,5.137822
1156,0,0.4739439,4.777198
1157,0,0.6036241,6.074835
1158,0,0.573845,6.057406
1159,0,0.5693322,5.662374
1160,0,0.4981153,5.178649
1161,0,0.5616286,5.720363
1162,0,0.4269754,3.800396
1163,0,0.4535081,5.090053
1164,0,0.5255327,5.378189
1165,0,0.545212,5.276619
1166,0,0.5291372,5.909478
1167,0,0,13.50526
1168,0,0.5388796,5.442833
1169,0,0.5233542,5.135419
1170,0,0.4904509,5.165978
1171,0,0.5183564,5.11679
1172,0,0.5785773,5.757476
1173,0,0.5742387,6.014554
1174,0,0.5475149,5.563189
1175,0,0.4731883,5.376813
1176,0,0.475311,4.6635
1177,0,0.5457679,4.998958
1178,0,0.496395,4.859219
1179,0,0.4996494,5.126467
1180,0,0.5263806,5.437922
1181,0,0.5249727,5.216764
1182,0,0.5419832,5.406855
1183,0,0.5525898,5.688724
1184,0,0.5207018,5.056759
1185,0,0.4868615,5.127683
1186,0,0.5702132,5.637131
1187,0,0.4960683,4.82012
1188,0,0.5253825,5.589987
1189,0,0.5197439,5.278295
1190,0,0.6238328,6.169283
1191,0,0.5177428,5.138884
1192,0,0.5759948,5.508982
1193,0,0.5228456,5.468334
1194,0,0.5040113,5.129678
1195,0,0.5607036,5.8484
1196,0,0.5062726,4.983497
1197,0,0.4691407,3.793983
1198,0,0.5119228,4.892653
1199,0,0.5430284,5.612079
1200,0,0.5728405,5.844964
1201,0,0,10.81101
1202,0,0.4967732,5.000785
1203,0,0.4606369,4.882804
1204,0,0.5336682,6.474017
1205,0,0.588182,5.916876
1206,0,0.566063,5.503157
1207,0,0.4912528,5.390399
1208,0,0.5084408,5.10301
1209,0,0.485836,4.994024
1210,0,0.5267764,5.257796
1211,0,0.554704,5.80172
1212,0,0.5953898,5.871855
1213,0,0.573917,5.531922
1214,0,0.501688,4.563394
1215,0,0.6370777,6.087353
1216,0,0,25.56955
1217,0,0,0
1218,0,0.4933627,4.933639
1219,0,0.4908021,5.004242
1220,0,0.5644141,6.096054
1221,0,0,8.807048
1222,0,0.5215309,5.152087
1223,0,0.5186554,5.512799
1224,0,0.5756246,5.82316
1225,0,0.5064175,4.8639
1226,0,0.54888,5.431756
1227,0,0.5321934,5.209526
1228,0,0.5044745,5.223573
1229,0,0,13.82729
1230,0,0.5696262,5.334332
1231,0,0.6036353,5.618994
1232,0,0.5397596,5.182597
1233,0,0.5249684,5.18573
1234,0,0.509648,5.124447
1235,0,0.5090756,5.017025
1236,0,0.5596587,4.77843
1237,0,0.5362937,5.553476
1238,0,0.5170562,5.049655
1239,0,0.5053381,5.183642
1240,0,0,12.62756
1241,0,0.3736125,3.268463
1242,0,0.5820367,6.126587
1243,0,0.5449696,5.380743
1244,0,0.6517451,6.194815
1245,0,0.476348,5.496395
1246,0,0.568727,6.048864
1247,0,0,14.56272
1248,0,0.4871768,4.774383
1249,0,0.5900651,5.898616
1250,0,0.5369654,5.195615
1251,0,0.5219779,4.801959
1252,0,0.5531268,5.513212
1253,0,0.4727052,5.280314
1254,0,0,6.024012
1255,0,0.2286819,2.790296
1256,0,0.5196464,5.019759
1257,0,0.4973483,5.20975
1258,0,0.4996617,4.891777
1259,0,0.550991,6.255136
1260,0,0.5504599,5.38272
1261,0,0.6292852,5.362683
1262,0,0.4939443,4.976424
1263,0,0.5613514,5.406889
1264,0,0.5647119,5.66627
1265,0,0.5236052,5.299269
1266,0,0.540258,5.517527
1267,0,0.5564693,5.555465
1268,0,0.5990754,5.947151
1269,0,0,11.23305
1270,0,0.5313057,4.842777
1271,0,0.5361711,5.626255
1272,0,0.5319504,5.330766
1273,0,0.5422901,5.122534
1274,0,0.5555891,5.042803
1275,0,0.5303242,5.301182
1276,0,0.4894812,5.312521
1277,0,0.5095214,5.671434
1278,0,0,9.542069
1279,0,0.6067802,6.251338
1280,0,0,19.61906
1281,0,0.5800619,5.867338
1282,0,0.5214186,4.756036
1283,0,0.5105582,5.355947
1284,0,0.5070035,5.402971
1285,0,0.5729588,4.905525
1286,0,0.5616102,5.676385
1287,0,0.5190746,5.3406
1288,0,0.4199866,4.615631
1289,0,0.5711028,5.712682
1290,0,0.5464242,5.670466
1291,0,0.4782491,5.340042
1292,0,0.5099004,4.887711
1293,0,0,13.99414
1294,0,0.491978,4.443996
1295,0,0,11.52237
1296,0,0.5416264,5.423127
1297,0,0.4919191,4.921256
1298,0,0.4799185,4.341466
1299,0,0.6152016,5.938572
1300,0,0.51967,5.49269
1301,0,0.4993712,4.798726
1302,0,0.5384151,5.535764
1303,0,0,8.02768
1304,0,0,0
1305,0,0.5474891,5.304901
1306,0,0.5317925,5.741568
1307,0,0.5517353,5.590613
1308,0,0.559526,5.183711
1309,0,0.52009,5.52533
1310,0,0.4991726,5.134876
1311,0,0.5100897,4.917595
1312,0,0.5388857,5.409128
1313,0,0.5462685,5.516579
1314,0,0.5300894,5.204333
1315,0,0.5772878,5.506691
1316,0,0.5582448,5.450012
1317,0,0.5250108,4.872828
1318,0,0.6566029,6.442787
1319,0,0.5186862,5.260504
1320,0,0.527343,5.275766
1321,0,0.5169377,5.303549
1322,0,0.5445924,5.442359
1323,0,0.6301753,6.42935
1324,0,0.5594569,5.864505
1325,0,0.5334974,4.991292
1326,0,0.5675178,5.870695
1327,0,0.54045,5.034339
1328,0,0.4745606,4.638225
1329,0,0.5506539,5.01913
1330,0,0.5614037,5.353502
1331,0,0.5091776,4.807132
1332,0,0.5182931,5.468473
1333,0,0,6.565851
1334,0,0.5118538,4.89994
1335,0,0.5274391,5.265676
1336,0,0.5672414,5.586397
1337,0,0.5563518,6.018824
1338,0,0.5458102,5.512606
1339,0,0,13.96608
1340,0,0,0
1341,0,0.5407934,5.718886
1342,0,0.4835922,4.59651
1343,0,0.4967018,5.518477
1344,0,0,17.15922
1345,0,0,0
1346,0,0.5225154,5.596904
1347,0,0.5528321,5.737705
1348,0,0.5325502,5.313312
1349,0,0.5087901,5.102783
1350,0,0.5137047,4.893137
1351,0,0.5169556,5.587433
1352,0,0.577919,6.011917
1353,0,0,13.28966
1354,0,0.5306337,5.055845
1355,0,0.5039216,4.882862
1356,0,0.5435305,5.353218
1357,0,0.5097424,4.87691
1358,0,0.5307717,5.373588
1359,0,0.521372,5.59472
1360,0,0.4994881,5.280412
1361,0,0.5385678,5.509645
1362,0,0.5342409,5.282238
1363,0,0.4530985,3.939128
1364,0,0.5459757,5.510278
1365,0,0.5124494,5.082137
1366,0,0.518465,5.902722
1367,0,0.5465485,5.557303
1368,0,0.5381365,5.400822
1369,0,0.5516044,5.982152
1370,0,0.5451087,5.288665
1371,0,0.5334464,5.068569
1372,0,0,8.817967
1373,0,0,0
1374,0,0.5480511,5.271221
1375,0,0.5502734,5.829184
1376,0,0.5138276,5.052999
1377,0,0.5032989,5.314856
1378,0,0.5248379,5.072156
1379,0,0.5170869,5.236047
1380,0,0.5376014,5.655777
1381,0,0.5214562,5.173416
1382,0,0,9.990096
1383,0,0.5655841,5.382715
1384,0,0.5207435,5.3027
1385,0,0.575448,5.46086
1386,0,0.5380421,5.310845
1387,0,0.5793297,6.551033
1388,0,0.5764204,5.490945
1389,0,0.4905205,5.765397
1390,0,0.5231452,5.299501
1391,0,0.5762416,5.615561
1392,0,0.5566228,5.806056
1393,0,0.4950732,4.910589
1394,0,0,7.655224
1395,0,0.5439149,5.536323
1396,0,0.5345916,5.354435
1397,0,0.5231712,5.197234
1398,0,0.552351,5.40294
1399,0,0.5922422,6.228703
1400,0,0,11.57839
1401,0,0.5252545,4.987476
1402,0,0.492612,5.054397
1403,0,0.5307327,4.873564
1404,0,0.5147239,5.126029
1405,0,0.5691751,5.800932
1406,0,0.5459394,6.166329
1407,0,0.6010249,5.708483
1408,0,0.5386195,5.655437
1409,0,0.5326882,5.716973
1410,0,0.5531634,5.386022
1411,0,0.5683149,5.125983
1412,0,0.549096,5.410845
1413,0,0.5622462,5.532518
1414,0,0.5367826,5.56422
1415,0,0,9.632911
1416,0,0.5061523,4.996016
1417,0,0.5323257,5.200945
1418,0,0.5361681,5.517084
1419,0,0.5568753,4.786294
1420,0,0,13.84598
1421,0,0.5142075,5.060643
1422,0,0.5127376,4.958402
1423,0,0.5156159,4.889742
1424,0,0.549843,5.878481
1425,0,0.551263,5.269833
1426,0,0.6654199,5.729395
1427,0,0.5295044,5.31452
1428,0,0.5511389,5.621457
1429,0,0.568879,5.861531
1430,0,0.6097221,6.375694
1431,0,0.5446239,4.958387
1432,0,0.537538,5.584419
1433,0,0.5351767,5.270406
1434,0,0.5149735,5.0953
1435,0,0.537434,5.135003
1436,0,0.4513422,4.430603
1437,0,0.4850795,4.78463
1438,0,0.4788243,5.92279
1439,0,0.4705974,5.144289
1440,0,0.6144893,6.479554
1441,0,0.5257605,5.394077
1442,0,0.5182421,4.948976
1443,0,0.5041231,5.380455
1444,0,0.5386679,5.158541
1445,0,0.5159619,5.195023
1446,0,0.536838,5.39979
1447,0,0.5239121,5.346164
1448,0,0.5228386,5.279303
1449,0,0,16.09441
1450,0,0.4854313,4.686479
1451,0,0.3995853,6.389533
1452,0,0.3512343,6.084712
1453,0,0.3767158,4.511344
1454,0,0.5228313,5.264221
1455,0,0.5364426,5.269694
1456,0,0.4883874,4.784686
1457,0,0,10.38549
1458,0,0.5446485,5.128337
1459,0,0,12.9669
1460,0,0.5492968,5.434062
1461,0,0.5291002,4.932557
1462,0,0.5326485,5.198292
1463,0,0.5794691,5.964497
1464,0,0.5274521,5.193608
1465,0,0.5643835,5.771699
1466,0,0.5424986,5.36945
1467,0,0.5058989,4.736349
1468,0,0.5403518,5.643348
1469,0,0.5614226,5.433598
1470,0,0.5421054,5.388225
1471,0,0.5466818,5.33961
1472,0,0.5225653,6.343046
1473,0,0.5352032,5.204564
1474,0,0.5311345,5.548687
1475,0,0.5057054,4.744132
1476,0,0.5517944,5.738826
1477,0,0.550295,5.383941
1478,0,0.5602299,5.254902
1479,0,0.5145535,5.161054
1480,0,0.5704569,6.057255
1481,0,0.6036441,5.888505
1482,0,0.5676364,5.722681
1483,0,0.5146943,5.061862
1484,0,0,7.585592
1485,0,0.5020409,4.912576
1486,0,0.536311,5.491914
1487,0,0.5137697,5.114496
1488,0,0,6.186529
1489,0,0,0
1490,0,0,0
1491,0,0.4979342,5.345689
1492,0,0.5286605,5.385699
1493,0,0.5455173,5.843924
1494,0,0.6475497,6.438521
1495,0,0.5254813,4.962516
1496,0,0.5267713,5.06994
1497,0,0.5323538,5.320398
1498,0,0.4841163,5.044484
1499,0,0.517774,5.538827
1500,0,0.510415,5.550414
1501,0,0.5631135,5.469145
1502,0,0.5632584,5.794385
1503,0,0.5978557,6.050009
1504,0,0.5309812,5.097645
1505,0,0.5515367,5.59069
1506,0,0.5449018,5.220015
1507,0,0.5033766,5.176798
1508,0,0.5196056,5.097776
1509,0,0.5715232,5.413722
1510,0,0.5307242,5.343783
1511,0,0.5064166,5.434756
1512,0,0.5617265,5.417705
1513,0,0.5085835,5.268811
1514,0,0.522079,5.283064
1515,0,0.5279083,5.165752
1516,0,0.4823528,5.367931
1517,0,0.5227954,5.509096
1518,0,0.5199801,5.237729
1519,0,0.5128695,5.181244
1520,0,0.4908854,4.689366
1521,0,0.5376825,5.154565
1522,0,0.5003164,5.079816
1523,0,0.6359865,5.902302
1524,0,0.5640805,5.631715
1525,0,0.5013608,4.857445
1526,0,0,14.39787
1527,0,0.5828303,5.354526
1528,0,0.5241456,5.409858
1529,0,0.5850271,6.006884
1530,0,0.5228618,5.22503
1531,0,0.3040138,3.900778
1532,0,0.5786026,5.782524
1533,0,0.5574522,5.687479
1534,0,0.4836639,5.04257
1535,0,0.5563474,5.564619
1536,0,0.5619944,5.547075
1537,0,0.5258512,5.293408
1538,0,0.5195749,5.155421
1539,0,0.5438773,5.393236
1540,0,0.5771666,5.418475
1541,0,0.5022684,4.830196
1542,0,0.4811863,4.900568
1543,0,0.4724971,6.170097
1544,0,0.503803,4.895562
1545,0,0.5414696,5.242469
1546,0,0.4902797,5.097465
1547,0,0.5339384,5.808847
1548,0,0.5155386,5.220074
1549,0,0.5027848,4.961002
1550,0,0.5349095,5.601334
1551,0,0,6.477234
1552,0,0.5661916,5.574105
1553,0,0.4927253,5.4631
1554,0,0.5003135,5.290793
1555,0,0.5432404,5.175767
1556,0,0.5535129,5.423398
1557,0,0.5319642,5.127694
1558,0,0.5046198,5.151602
1559,0,0.5442616,5.437208
1560,0,0.5229288,5.426687
1561,0,0.4895751,4.790582
1562,0,0,9.738188
1563,0,0.5995464,6.089422
1564,0,0,8.289295
1565,0,0.6222424,6.088497
1566,0,0.5163799,5.105771
1567,0,0.5527344,5.258394
1568,0,0.5480725,5.817081
1569,0,0.5844039,6.021821
1570,0,0,15.92254
1571,0,0.5234234,5.443577
1572,0,0.5755636,5.778206
1573,0,0.4759064,5.107463
1574,0,0.5472795,5.75796
1575,0,0.6075015,5.691039
1576,0,0.5039498,4.483735
1577,0,0.5287985,5.183196
1578,0,0.569642,5.345366
1579,0,0.5197614,5.427921
1580,0,0.5765142,6.465103
1581,0,0.5444794,5.448844
1582,0,0.5156112,5.20388
1583,0,0.5392486,5.180443
1584,0,0.5080155,5.452617
1585,0,0.5465603,5.582376
1586,0,0.5039232,5.132876
1587,0,0,17.44091
1588,0,0.5134008,4.884224
1589,0,0,12.65973
1590,0,0.52933,5.418913
1591,0,0.4992407,4.943285
1592,0,0.5223534,5.696543
1593,0,0.560531,6.25343
1594,0,0.6046166,5.44189
1595,0,0.5384993,5.238709
1596,0,0.5068454,5.034223
1597,0,0.5269675,5.195721
1598,0,0.5463625,5.633762
1599,0,0.5350361,5.36789
1600,0,0.4893009,4.497529
1601,0,0.5350854,5.332347
1602,0,0.5266331,5.349908
1603,0,0.5194083,5.079872
1604,0,0.571137,5.19064
1605,0,0.5270802,5.398759
1606,0,0.5514176,5.411317
1607,0,0.5081103,5.42875
1608,0,0.5377586,5.629571
1609,0,0.5171944,5.114818
1610,0,0.5370482,5.216176
1611,0,0.560136,5.959134
1612,0,0.4883659,4.494603
1613,0,0,9.940261
1614,0,0.502502,5.162844
1615,0,0.5417464,5.460004
1616,0,0.4726523,4.519212
1617,0,0.48237,4.878399
1618,0,0.5620503,6.458888
1619,0,0.5615969,5.860641
1620,0,0.5094237,4.680515
1621,0,0.533779,5.178544
1622,0,0.5623785,5.819877
1623,0,0.5522487,5.624787
1624,0,0.537909,5.221193
1625,0,0.5465157,5.256968
1626,0,0.5719922,5.687275
1627,0,0.5476999,5.822516
1628,0,0.495257,4.835599
1629,0,0.5635947,5.559059
1630,0,0.4970951,4.791004
1631,0,0.5283028,5.282799
1632,0,0.5259326,5.206117
1633,0,0.5467024,5.068583
1634,0,0.5458043,5.613622
1635,0,0.4530969,4.375339
1636,0,0.5538785,5.286535
1637,0,0.5617918,5.820445
1638,0,0.5272282,5.275396
1639,0,0.5145971,4.895417
1640,0,0.5091596,5.140661
1641,0,0.5087177,5.245753
1642,0,0.5442078,5.267738
1643,0,0.5155749,4.982399
1644,0,0.5401266,5.725571
1645,0,0.5119616,4.913313
1646,0,0.5000613,5.082126
1647,0,0.573947,5.82789
1648,0,0.4949705,4.948375
1649,0,0.5578855,6.062563
1650,0,0.5188264,5.296569
1651,0,0.5504031,5.530305
1652,0,0.5344281,5.32585
1653,0,0.5562716,5.556699
1654,0,0.4949522,5.316827
1655,0,0.5168018,5.287531
1656,0,0.5392852,5.251405
1657,0,0.5514881,5.47991
1658,0,0.5420269,5.983614
1659,0,0.3090185,3.91306
1660,0,0.5190486,5.09912
1661,0,0.4877017,4.640596
1662,0,0.5225223,5.191069
1663,0,0.5507111,5.188564
1664,0,0.5498692,5.415174
1665,0,0.5853638,5.896847
1666,0,0.497184,4.934216
1667,0,0.5101545,4.704567
1668,0,0.5483068,5.698994
1669,0,0.4929562,4.798905
1670,0,0.5225626,5.507733
1671,0,0.5452492,4.812182
1672,0,0.5609662,5.662889
1673,0,0.5693707,6.093946
1674,0,0.5100904,5.431389
1675,0,0.5324031,5.148157
1676,0,0.5025924,5.009909
1677,0,0.5025848,5.178943
1678,0,0.1563252,3.233515
1679,0,0.5884081,6.26678
1680,0,0.5320286,5.395045
1681,0,0.5080306,5.062665
1682,0,0.513405,5.205265
1683,0,0.3422777,4.429006
1684,0,0.5699152,6.011056
1685,0,0.5328014,5.375154
1686,0,0.6024905,5.902768
1687,0,0.5395907,5.197821
1688,0,0.5105408,5.483129
1689,0,0.513898,5.135449
1690,0,0.5712864,6.040046
1691,0,0.5712898,6.096533
1692,0,0.5049348,4.770158
1693,0,0.5278206,5.188135
1694,0,0.5285598,5.034309
1695,0,0.5099163,5.132909
1696,0,0,10.83547
1697,0,0.5534107,5.573748
1698,0,0.5755147,6.062773
1699,0,0.5402886,5.424751
1700,0,0,13.3951
1701,0,0.5120634,5.462163
1702,0,0.4938983,4.598365
1703,0,0.5052267,5.03858
1704,0,0.5334261,5.733618
1705,0,0,11.23277
1706,0,0,0
1707,0,0.5590979,5.705341
1708,0,0.5351999,5.306115
1709,0,0.5267415,4.793969
1710,0,0.4615464,5.815986
1711,0,0.4867495,4.687538
1712,0,0.5314878,5.209127
1713,0,0.5211911,5.303423
1714,0,0.4821423,5.661432
1715,0,0.5373292,4.827806
1716,0,0.5361007,5.991601
1717,0,0.5509466,5.449724
1718,0,0.5259553,5.249865
1719,0,0.538228,5.202318
1720,0,0.5235129,5.164621
1721,0,0.4829342,4.759399
1722,0,0.5184702,5.23208
1723,0,0.596594,5.639976
1724,0,0,8.776755
1725,0,0.5296643,5.087793
1726,0,0.545364,5.512612
1727,0,0.5234084,5.189409
1728,0,0.4941359,4.931846
1729,0,0.5437549,5.366527
1730,0,0.4874436,4.570531
1731,0,0.5802172,6.220557
1732,0,0.591216,5.815417
1733,0,0.5228062,5.179592
1734,0,0.5407397,5.623958
1735,0,0.5522193,5.968803
1736,0,0.5451651,5.217977
1737,0,0.580952,5.980482
1738,0,0.5638996,5.659909
1739,0,0.5728593,5.840189
1740,0,0.5358342,5.997176
1741,0,0.4570864,3.888842
1742,0,0.5411566,5.403543
1743,0,0.5163931,5.043891
1744,0,0,9.364561
1745,0,0,0
1746,0,0.5419089,5.576645
1747,0,0.4824537,5.194227
1748,0,0.5373237,5.246544
1749,0,0.5294607,5.503686
1750,0,0.5340528,5.509557
1751,0,0.5126304,5.108291
1752,0,0.5666092,5.155965
1753,0,0.5478742,5.492136
1754,0,0,20.12571
1755,0,0.5644726,6.072
1756,0,0.5509948,5.611128
1757,0,0.5397532,5.358727
1758,0,0.5134182,5.107423
1759,0,0.5101853,5.185862
1760,0,0.5890306,5.924397
1761,0,0.501852,4.93124
1762,0,0.5284525,5.125288
1763,0,0.5697208,5.750771
1764,0,0.5932882,6.024953
1765,0,0.5322563,5.571416
1766,0,0.5622047,5.29396
1767,0,0.5882719,5.882432
1768,0,0.5307698,5.47859
1769,0,0.5114906,5.224318
1770,0,0.5285797,5.233782
1771,0,0.5077084,5.177434
1772,0,0.5740483,5.436688
1773,0,0.5471183,5.823219
1774,0,0.4964847,5.032416
1775,0,0.5502546,5.521431
1776,0,0.5257188,5.18067
1777,0,0.5135105,5.330386
1778,0,0.5413841,5.712226
1779,0,0.5094134,4.641804
1780,0,0,8.640444
1781,0,0.5525135,5.291416
1782,0,0.5588775,5.368654
1783,0,0.5383661,5.343159
1784,0,0.5168703,5.1055
1785,0,0.4879687,4.887318
1786,0,0.5425498,5.317889
1787,0,0.5063969,4.887808
1788,0,0,10.3504
1789,0,0.4381604,3.343899
1790,0,0.5452856,5.632736
1791,0,0.5088178,5.225519
1792,0,0.5620407,6.24959
1793,0,0.470514,4.981771
1794,0,0,12.48142
1795,0,0.4725497,4.976383
1796,0,0.5689325,6.009768
1797,0,0.5534158,5.240239
1798,0,0.5116747,5.275888
1799,0,0.5412462,5.464357
1800,0,0.5733362,5.789311
1801,0,0.5217109,5.166448
1802,0,0.5657408,5.241553
1803,0,0.557988,5.27701
1804,0,0.5732652,5.916886
1805,0,0.5560803,5.43785
1806,0,0.5058218,4.857006
1807,0,0.5896052,5.800426
1808,0,0.5120947,5.088905
1809,0,0,13.03582
1810,0,0.5485343,5.745987
1811,0,0.561891,6.249841
1812,0,0.5508438,5.391591
1813,0,0,5.797318
1814,0,0,0
1815,0,0,0
1816,0,0.5175914,5.51532
1817,0,0.5594137,5.689498
1818,0,0.5419947,5.406057
1819,0,0.5175343,5.036471
1820,0,0.4920494,4.653272
1821,0,0.5031732,5.50459
1822,0,0.5072698,5.648606
1823,0,0.5154167,5.093715
1824,0,0.5319751,5.317168
1825,0,0.5461014,5.828042
1826,0,0.5171117,5.422229
1827,0,0.5741009,5.727058
1828,0,0.5096251,4.936479
1829,0,0.3374166,4.746465
1830,0,0.5382794,5.325094
1831,0,0.5006434,5.025148
1832,0,0.5607608,5.623271
1833,0,0.5405751,5.484918
1834,0,0.4939559,4.919313
1835,0,0.4949893,4.947789
1836,0,0.5228084,5.254325
1837,0,0.5396562,5.237317
1838,0,0.5206837,5.038606
1839,0,0.5191423,5.17721
1840,0,0.5335007,5.393264
1841,0,0.5584653,5.697881
1842,0,0.5784802,5.467527
1843,0,0.5685719,5.905441
1844,0,0.5414928,5.275661
1845,0,0.5424712,5.246526
1846,0,0,18.70932
1847,0,0.5725607,5.359127
1848,0,0.5236921,4.839237
1849,0,0.5473105,5.657782
1850,0,0.5257348,5.129359
1851,0,0.587062,6.164825
1852,0,0.5447044,5.083411
1853,0,0.4690602,5.033142
1854,0,0.4884714,4.687146
1855,0,0,10.3967
1856,0,0.5396895,5.350873
1857,0,0.521796,4.949719
1858,0,0.4791803,4.11501
1859,0,0.4958054,4.814292
1860,0,0,18.20178
1861,0,0.5468328,5.609403
1862,0,0.5122631,5.293826
1863,0,0.5539696,5.8044
1864,0,0.5324151,5.827034
1865,0,0.5802602,5.680486
1866,0,0.5075082,5.387574
1867,0,0.486812,4.628394
1868,0,0.5707283,5.840084
1869,0,0.5399606,5.447689
1870,0,0.5246352,4.762395
1871,0,0.5255206,5.050704
1872,0,0.5368972,5.685104
1873,0,0.5423174,5.486676
1874,0,0.5051873,5.395908
1875,0,0.5323611,5.385436
1876,0,0.526269,5.561059
1877,0,0.5490524,5.425394
1878,0,0.5048777,5.23883
1879,0,0.4915518,4.544887
1880,0,0.530783,5.209708
1881,0,0.5124011,4.792939
1882,0,0.5477673,5.530079
1883,0,0.5656373,5.929682
1884,0,0.5640223,5.023713
1885,0,0.5117651,4.931238
1886,0,0.5531644,5.291523
1887,0,0.5730961,6.030082
1888,0,0.5282313,5.309882
1889,0,0.5768371,5.579958
1890,0,0,7.125034
1891,0,0.5083185,5.280204
1892,0,0.5296391,5.128714
1893,0,0,11.69112
1894,0,0.5740968,5.504522
1895,0,0.5934696,6.207042
1896,0,0.5284835,5.152576
1897,0,0.518799,4.949234
1898,0,0.4708889,5.290886
1899,0,0.5075815,5.269159
1900,0,0.5283038,5.447363
1901,0,0.5204887,5.149201
1902,0,0.5807022,6.063156
1903,0,0.506268,5.071627
1904,0,0.537298,5.650056
1905,0,0.5888889,5.883685
1906,0,0.5371515,4.577477
1907,0,0.5518087,5.711683
1908,0,0,8.802543
1909,0,0.497775,5.103839
1910,0,0.5650054,5.679833
1911,0,0.5898172,5.713019
1912,0,0.5459508,5.915256
1913,0,0.5672009,5.722048
1914,0,0.5758006,5.668467
1915,0,0.5039642,5.34937
1916,0,0.5305007,5.199162
1917,0,0,11.58907
1918,0,0.5488181,5.3734
1919,0,0.5229451,5.029042
1920,0,0.5188169,5.18958
1921,0,0.5335671,5.330013
1922,0,0.5275229,5.133201
1923,0,0,14.82357
1924,0,0,0
1925,0,0.5420631,5.869528
1926,0,0.5096583,5.260671
1927,0,0.4878009,5.063475
1928,0,0.5235985,5.047218
1929,0,0,20.97818
1930,0,0.4885446,4.939599
1931,0,0.4893328,4.917114
1932,0,0.5501959,5.430893
1933,0,0.5312,5.660445
1934,0,0.5271915,6.153383
1935,0,0.5276538,5.01995
1936,0,0.5430405,5.242295
1937,0,0.4647243,4.821182
1938,0,0.605259,5.907621
1939,0,0.5216486,4.411087
1940,0,0.4862621,4.940337
1941,0,0.5747307,5.230227
1942,0,0.5275316,5.307488
1943,0,0.5089763,4.96417
1944,0,0,26.08409
1945,0,0.5810434,5.642621
1946,0,0.4998521,4.953093
1947,0,0.5349574,5.098878
1948,0,0.5393378,5.075504
1949,0,0.5026266,4.87461
1950,0,0.5079772,5.457137
1951,0,0.5429854,5.579627
1952,0,0.61257,5.971633
1953,0,0.5352836,5.340427
1954,0,0.4947473,5.021039
1955,0,0.5281266,5.592941
1956,0,0.5685191,5.801798
1957,0,0.5394408,5.283723
1958,0,0.4726621,4.895632
1959,0,0.5353927,5.34323
1960,0,0.4906681,5.370258
1961,0,0.5124919,5.139685
1962,0,0.5508815,6.119249
1963,0,0.5159576,5.040469
1964,0,0.513855,6.029957
1965,0,0.5598123,5.643041
1966,0,0.6019129,6.311307
1967,0,0.5091657,4.877709
1968,0,0,12.22334
1969,0,0,0
1970,0,0.5914073,5.708812
1971,0,0,13.82745
1972,0,0.5145463,5.412197
1973,0,0.4679303,5.250498
1974,0,0.5578138,5.468169
1975,0,0,13.07391
1976,0,0.5158237,5.604405
1977,0,0.5761487,5.698178
1978,0,0.5278498,5.438026
1979,0,0.5981532,6.070364
1980,0,0,18.17958
1981,0,0.5237741,4.935696
1982,0,0.5135234,5.011635
1983,0,0.5117457,5.561005
1984,0,0.5106502,5.377598
1985,0,0.5487951,5.190937
1986,0,0,10.26756
1987,0,0.5403311,5.728414
1988,0,0.5538555,5.536359
1989,0,0.5465375,5.526803
1990,0,0.5499889,5.540232
1991,0,0.5227097,5.119246
1992,0,0.5216409,5.273107
1993,0,0.5255052,5.541719
1994,0,0.5422254,5.010915
1995,0,0.4835949,4.885955
1996,0,0.5789463,5.318403
1997,0,0.5809813,5.90807
1998,0,0.4820611,4.731609
1999,0,0.5362074,5.915691
2000,0,0.5363891,5.266597
2001,0,0.5469971,5.437568
2002,0,0.3761958,4.988156
2003,0,0,9.60426
2004,0,0.5152965,5.012585
2005,0,0.5287378,5.29442
2006,0,0.5857161,6.184828
2007,0,0.5250589,5.079641
2008,0,0.5260869,5.363184
2009,0,0.5002114,4.648418
2010,0,0,13.11672
2011,0,0.5334724,5.088194
2012,0,0.5252342,5.424463
2013,0,0.5856944,6.524651
2014,0,0.5173891,4.561025
2015,0,0.5320948,5.304718
2016,0,0.4664916,4.530402
