Episode,TotalGlobalSteps,MeanActionJitter,MeanMechJitter,MeanLinearSpeed
1,0,0.128969,1.337454,1.264771
2,0,0.168968,1.456730,1.047591
3,0,0.137719,1.315559,1.295701
4,0,0.131348,1.179718,1.133312
5,0,0.136221,1.319615,0.960805
6,0,0.138388,1.200026,0.965019
7,0,0.120579,1.085767,1.100089
8,0,0.134050,1.377891,1.539113
9,0,0.121672,1.031929,1.234061
10,0,0.128509,1.206785,1.231341
11,0,0.115346,1.144704,1.314573
12,0,0.148445,1.370332,1.218844
13,0,0.111167,1.091614,1.242610
14,0,0.126542,1.229620,1.189141
15,0,0.113980,1.080853,1.211933
16,0,0.125449,1.199056,0.994315
17,0,0.144786,1.460309,1.516424
18,0,0.137767,1.483746,1.242127
19,0,0.138624,1.256942,1.345013
20,0,0.113094,1.032106,0.964059
21,0,0.103091,1.009461,0.965269
22,0,0.110137,1.124213,1.330711
23,0,0.117098,1.227200,1.296712
24,0,0.109563,1.069787,1.249447
25,0,0.128251,1.189512,1.099157
26,0,0.153109,1.504695,1.573418
27,0,0.133438,1.246129,1.026969
28,0,0.130382,1.307874,1.384603
29,0,0.122704,1.230320,1.035272
30,0,0.099210,1.006724,1.107580
31,0,0.110269,1.057736,1.135933
32,0,0.139035,1.254781,1.065557
33,0,0.143676,1.516779,0.992460
34,0,0.114312,1.006805,0.936155
35,0,0.109731,0.996528,0.947453
36,0,0.117463,1.031048,1.157012
37,0,0.128281,1.271065,0.944524
38,0,0.152316,1.471579,1.062317
39,0,0.131636,1.189428,0.845093
40,0,0.142461,1.510107,1.179132
41,0,0.133510,1.217057,1.167119
42,0,0.138717,1.373485,1.488583
43,0,0.131600,1.249019,1.256130
44,0,0.112103,1.137625,1.292975
45,0,0.132860,1.341964,1.454777
46,0,0.128929,1.282826,1.508481
47,0,0.136815,1.280096,0.912330
48,0,0.130954,1.292018,1.388711
49,0,0.117870,1.048878,0.895601
50,0,0.126113,1.223718,1.176657
51,0,0.145709,1.450196,1.543404
52,0,0.148006,1.456240,1.006261
53,0,0.140853,1.442031,1.874440
54,0,0.128318,1.208644,1.068994
55,0,0.122931,1.304393,1.114554
56,0,0.122978,1.076226,1.170349
57,0,0.060535,0.483712,0.553735
58,0,0.121848,1.197596,1.163553
59,0,0.117607,1.175454,1.171664
60,0,0.125310,1.281572,1.352670
61,0,0.114459,1.090157,1.170554
62,0,0.155499,1.307095,0.909258
63,0,0.135916,1.152696,1.025412
64,0,0.107263,0.946522,0.907324
65,0,0.125141,1.239913,1.265882
66,0,0.139963,1.438470,0.942356
67,0,0.167394,1.545956,1.003181
68,0,0.114515,1.114315,1.410854
69,0,0.114974,1.118256,1.034555
70,0,0.123271,1.087883,1.180475
71,0,0.118187,1.267313,1.597802
72,0,0.103851,1.009148,1.193728
73,0,0.122610,1.179948,0.972358
74,0,0.109052,0.987641,0.940122
75,0,0.107084,0.981474,0.910052
76,0,0.116604,1.160906,1.295124
77,0,0.157448,1.486503,1.096641
78,0,0.115530,1.159024,1.208162
79,0,0.124329,1.216864,1.142756
80,0,0.115648,1.100809,1.301609
81,0,0.116501,1.199551,1.435571
82,0,0.119131,1.207125,1.020517
83,0,0.114142,1.115297,1.005617
84,0,0.104510,1.135066,1.176043
85,0,0.109317,1.139686,1.268447
86,0,0.125839,1.189865,1.137326
87,0,0.142963,1.401923,1.308278
88,0,0.146732,1.381562,0.974414
89,0,0.117474,1.161507,1.348736
90,0,0.115939,1.072897,1.331333
91,0,0.114277,1.144287,1.330749
92,0,0.139078,1.418380,1.253923
93,0,0.106530,0.957721,0.903181
94,0,0.142892,1.418252,0.950897
95,0,0.146440,1.456345,1.103213
96,0,0.112826,1.201475,1.304594
97,0,0.156962,1.439442,0.980022
98,0,0.121621,1.188675,1.355358
99,0,0.138521,1.472922,1.569974
100,0,0.108743,1.079387,1.421723
101,0,0.125137,1.282649,1.260870
102,0,0.129426,1.247259,1.048241
103,0,0.129345,1.110107,1.061814
104,0,0.112630,1.126451,1.313598
105,0,0.126607,1.180698,1.040822
106,0,0.140073,1.350981,1.028629
107,0,0.127013,1.155212,1.075180
108,0,0.123266,1.120646,1.034918
109,0,0.124120,1.311649,1.227288
110,0,0.111800,1.043951,1.123204
111,0,0.120863,1.193369,0.964746
112,0,0.108014,0.865915,1.057992
113,0,0.140659,1.290859,0.998124
114,0,0.106983,1.116515,1.383198
115,0,0.159465,1.384165,0.857868
116,0,0.125981,1.225265,1.575106
117,0,0.141568,1.345646,0.941850
118,0,0.117697,1.150018,1.222029
119,0,0.130204,1.112615,1.267072
120,0,0.121235,1.183983,1.131175
121,0,0.127738,1.397413,1.483240
122,0,0.116417,1.096487,1.036670
123,0,0.149033,1.427225,1.153990
124,0,0.057855,0.467939,0.580669
125,0,0.118098,1.180368,1.238405
126,0,0.131263,1.237042,1.377647
127,0,0.146944,1.351029,1.250807
128,0,0.126554,1.139729,1.022899
129,0,0.118571,1.189978,1.230615
130,0,0.117285,1.255800,1.230654
131,0,0.126949,1.175061,1.080320
132,0,0.133142,1.279615,0.950888
133,0,0.111008,1.212744,1.559587
134,0,0.118861,1.076020,1.047917
135,0,0.101649,1.074374,1.444407
136,0,0.119468,1.044057,1.063099
137,0,0.122147,1.174933,1.290721
138,0,0.137106,1.144150,1.047839
139,0,0.124271,1.217845,1.172765
140,0,0.126604,1.244567,1.272027
141,0,0.122973,1.158142,1.052240
142,0,0.148375,1.351421,1.007434
143,0,0.129006,1.189078,1.444339
144,0,0.111540,1.094394,1.235703
145,0,0.151521,1.401220,1.040066
146,0,0.118923,1.146366,1.047725
147,0,0.114943,1.039596,0.936671
148,0,0.141022,1.299975,1.297459
149,0,0.126594,1.149063,1.223351
150,0,0.154746,1.515079,0.967288
151,0,0.120753,1.160247,1.109608
152,0,0.117911,1.089602,0.967323
153,0,0.135025,1.309112,1.361813
154,0,0.120644,1.170543,1.195052
155,0,0.126415,1.140614,1.018631
156,0,0.132643,1.347194,1.374777
157,0,0.128170,1.383980,1.443719
158,0,0.133332,1.419721,1.517737
159,0,0.128873,1.107974,1.158658
160,0,0.121423,1.003235,0.967168
161,0,0.126891,1.180188,1.156911
162,0,0.149675,1.448796,1.080628
163,0,0.138096,1.327346,1.102528
164,0,0.122547,1.211184,0.917477
165,0,0.104523,1.073418,1.295339
166,0,0.113351,1.104759,1.014951
167,0,0.120587,1.082959,1.476680
168,0,0.110310,1.137336,1.071149
169,0,0.118343,1.164641,1.404296
170,0,0.115971,0.960898,1.016294
171,0,0.133679,1.264041,1.071087
172,0,0.119117,1.195315,1.455781
173,0,0.136402,1.145206,1.189826
174,0,0.128173,1.244632,1.255281
175,0,0.125843,1.311068,1.148772
176,0,0.142883,1.390068,1.042039
177,0,0.118201,1.131795,1.194810
178,0,0.116509,1.018471,1.314461
179,0,0.113222,1.087884,0.977557
180,0,0.138796,1.353015,1.400617
181,0,0.144383,1.541883,1.476671
182,0,0.114620,1.184563,1.371921
183,0,0.178306,1.473913,1.073620
184,0,0.115593,1.004054,1.282180
185,0,0.134646,1.215493,1.164449
186,0,0.137653,1.454354,1.216143
187,0,0.119457,1.159269,1.249132
188,0,0.142422,1.532494,1.594391
189,0,0.135080,1.328090,0.929539
190,0,0.137051,1.467753,1.646653
191,0,0.129771,1.175189,1.229060
192,0,0.122294,1.254539,1.259001
193,0,0.133368,1.235268,1.050471
194,0,0.118534,1.045685,1.120804
195,0,0.149119,1.424866,0.995538
196,0,0.121113,1.178558,1.099591
197,0,0.117849,1.224633,1.242974
198,0,0.136678,1.274075,0.893759
199,0,0.158763,1.494558,0.928440
200,0,0.159576,1.450962,0.937848
201,0,0.119823,1.028954,0.955977
202,0,0.111253,1.032579,0.857363
203,0,0.111280,1.117172,1.020289
204,0,0.114192,1.206526,1.268453
205,0,0.108614,1.105245,1.388378
206,0,0.127132,1.261929,1.390896
207,0,0.119171,0.999741,1.165163
208,0,0.123497,1.233814,1.192240
209,0,0.117682,1.178832,0.982131
210,0,0.123645,1.081542,1.198590
211,0,0.126904,1.169800,1.466264
212,0,0.135472,1.273272,1.139750
213,0,0.115406,1.056971,1.161679
214,0,0.128018,1.110243,1.182300
215,0,0.113929,1.060926,1.045893
216,0,0.139823,1.332757,1.353962
217,0,0.121980,1.085353,1.240049
218,0,0.120606,1.076763,1.407276
219,0,0.102162,0.931098,1.333016
220,0,0.132625,1.357877,1.251520
221,0,0.108660,0.940976,0.903610
222,0,0.121956,1.072371,1.220871
223,0,0.138126,1.286566,1.262495
224,0,0.115956,1.152513,1.178739
225,0,0.126297,1.235353,1.029900
226,0,0.145940,1.314716,0.888565
227,0,0.122404,1.193740,1.271814
228,0,0.128871,1.254182,1.291505
229,0,0.123125,1.050881,1.102072
230,0,0.131132,1.179884,1.244989
231,0,0.109301,1.141883,1.073737
232,0,0.123363,1.126429,1.346734
233,0,0.115491,1.033680,0.923496
234,0,0.130146,1.408902,1.427564
235,0,0.089710,0.848272,1.418342
236,0,0.133047,1.309183,1.347424
237,0,0.124937,1.204968,0.956760
238,0,0.146958,1.454423,1.206228
239,0,0.160157,1.468660,1.010754
240,0,0.133649,1.253395,0.942258
241,0,0.145642,1.301368,1.084173
242,0,0.125343,1.296687,1.147937
243,0,0.145322,1.341523,0.949699
244,0,0.142493,1.381087,1.312770
245,0,0.146554,1.453473,1.126543
246,0,0.116162,1.078415,1.203965
247,0,0.123079,1.244053,1.119580
248,0,0.118334,1.192407,1.083029
249,0,0.119018,1.218585,1.373704
250,0,0.124324,1.273127,1.511447
251,0,0.134052,1.202383,1.040335
252,0,0.115917,1.181977,1.249276
253,0,0.172466,1.494546,1.085582
254,0,0.110591,1.129265,1.199769
255,0,0.127678,1.193947,0.943963
256,0,0.121131,1.371255,1.317493
257,0,0.143244,1.393410,1.057470
258,0,0.111568,1.130449,1.058757
259,0,0.124324,1.187990,1.309377
260,0,0.109962,0.981846,0.893412
261,0,0.127392,1.113692,1.184934
262,0,0.148280,1.389046,1.007182
263,0,0.107587,1.138272,1.041557
264,0,0.126534,1.264276,1.216610
265,0,0.118942,1.184930,1.436936
266,0,0.109326,1.077584,0.975405
267,0,0.113437,1.193760,1.303475
268,0,0.109218,1.046571,1.248924
269,0,0.156107,1.573798,1.060292
270,0,0.120709,1.167932,1.254177
271,0,0.125179,1.318953,1.256226
272,0,0.110930,1.014562,0.964869
273,0,0.116778,1.193456,1.173898
274,0,0.144516,1.358174,1.035236
275,0,0.140771,1.357411,0.887284
276,0,0.120434,1.265042,1.275753
277,0,0.123673,1.191210,1.137968
278,0,0.152998,1.456627,1.731156
279,0,0.134746,1.223747,0.949655
280,0,0.140245,1.401240,1.214992
281,0,0.131313,1.354198,1.212603
282,0,0.146855,1.488002,1.104220
283,0,0.134030,1.266877,0.991151
284,0,0.140600,1.319660,1.591708
285,0,0.113490,1.091989,0.945032
286,0,0.132407,1.144537,1.213567
287,0,0.120779,1.163130,1.030171
288,0,0.116527,1.190059,0.905606
289,0,0.114792,1.070849,1.085826
290,0,0.125366,1.270495,1.178775
291,0,0.149693,1.425087,0.911394
292,0,0.119977,1.111298,1.219183
293,0,0.125864,1.269983,1.116044
294,0,0.132354,1.223392,1.215589
295,0,0.137830,1.337431,1.368237
296,0,0.141927,1.216447,1.141755
297,0,0.132362,1.328357,1.094886
298,0,0.130469,1.123291,1.077534
299,0,0.117117,1.148447,1.247691
300,0,0.118895,1.186913,1.104847
301,0,0.122409,1.187350,1.272252
302,0,0.112711,1.057536,1.096997
303,0,0.109791,1.102061,1.314870
304,0,0.116508,1.113301,1.121894
305,0,0.112413,1.140110,1.274119
306,0,0.113438,1.084920,0.919343
307,0,0.167435,1.522934,1.025382
308,0,0.120324,1.173080,0.953394
309,0,0.112639,1.103132,1.485538
310,0,0.117110,1.157298,0.899680
311,0,0.136244,1.313946,1.229151
312,0,0.122484,1.130710,1.041986
313,0,0.146308,1.251492,1.595164
314,0,0.166034,1.388922,1.778420
315,0,0.117677,1.177320,1.365764
316,0,0.147416,1.474875,0.992503
317,0,0.136546,1.292985,1.010623
318,0,0.128268,1.228646,1.123679
319,0,0.127818,1.212760,1.125592
320,0,0.127895,1.225286,0.896987
321,0,0.121253,1.222858,1.217391
322,0,0.138650,1.268659,1.123546
323,0,0.114493,1.153521,1.315314
324,0,0.123928,1.153175,1.171656
325,0,0.114577,1.062186,0.891744
326,0,0.099902,0.710694,1.033513
327,0,0.143575,1.415279,1.051565
328,0,0.115316,1.164609,1.256646
329,0,0.143742,1.364474,1.007161
330,0,0.111332,1.180240,1.385491
331,0,0.141225,1.406956,1.460639
332,0,0.119491,1.078360,1.140329
333,0,0.125010,1.180381,1.002653
334,0,0.123529,1.165123,1.274571
335,0,0.149710,1.487150,1.072110
336,0,0.109681,1.104190,1.024199
337,0,0.117669,1.039825,0.929797
338,0,0.128905,1.228556,1.100577
339,0,0.148749,1.437604,1.844417
340,0,0.111643,0.981968,0.915171
341,0,0.114856,1.194606,1.038949
342,0,0.133017,1.330358,1.394022
343,0,0.104644,1.012264,1.265131
344,0,0.129449,1.289949,1.398093
345,0,0.156251,1.400472,1.061808
346,0,0.104640,1.159242,1.398051
347,0,0.133136,1.219672,1.248770
348,0,0.123332,1.155550,1.202276
349,0,0.118185,1.160673,1.418320
350,0,0.112537,0.939230,0.964800
351,0,0.115030,1.218376,1.240883
352,0,0.089270,0.797833,0.975443
353,0,0.104640,0.890685,1.229039
354,0,0.148517,1.358834,0.882968
355,0,0.150299,1.388602,1.010157
356,0,0.147022,1.348858,0.979262
357,0,0.113417,1.167006,1.290242
358,0,0.134983,1.378633,1.150986
359,0,0.130217,1.218014,1.509203
360,0,0.126343,1.187871,1.112277
361,0,0.105932,0.982594,0.928001
362,0,0.136583,1.493136,1.380903
363,0,0.128029,1.198112,1.103490
364,0,0.127880,1.275719,1.105330
365,0,0.107833,0.891846,1.095922
366,0,0.142066,1.401449,1.158168
367,0,0.137047,1.016979,1.385234
368,0,0.133111,1.215089,1.304293
369,0,0.125335,1.187707,1.363422
370,0,0.119396,1.099890,0.989471
371,0,0.117455,1.064965,1.090750
372,0,0.123957,1.354188,1.354406
373,0,0.149376,1.430501,1.796418
374,0,0.131513,1.330394,1.173091
375,0,0.117187,1.243102,1.361989
376,0,0.115371,1.220490,1.237356
377,0,0.122397,1.211716,1.192831
378,0,0.140081,1.451149,1.580365
379,0,0.131069,1.357630,1.534822
380,0,0.125939,1.204023,1.025869
381,0,0.146541,1.600006,1.554568
382,0,0.114211,1.011293,0.949409
383,0,0.141017,1.269222,0.822239
384,0,0.149032,1.378384,1.134996
385,0,0.115223,1.121878,1.195225
386,0,0.101797,0.913041,0.872653
387,0,0.107002,1.025483,0.994514
388,0,0.111200,1.145770,1.151165
389,0,0.122168,1.189853,1.328034
390,0,0.111545,1.128407,1.188728
391,0,0.132905,1.292286,1.170044
392,0,0.113709,1.114781,1.248301
393,0,0.122355,1.197199,0.970927
394,0,0.110581,0.965343,1.216354
395,0,0.111455,1.085238,1.255253
396,0,0.120132,1.059427,1.176148
397,0,0.100285,0.856128,0.945227
398,0,0.127955,1.185858,1.049421
399,0,0.119918,1.181596,1.033495
400,0,0.140255,1.322210,1.018513
401,0,0.119687,1.287067,1.055647
402,0,0.120201,1.231165,1.080344
403,0,0.120144,1.259253,1.374798
404,0,0.123715,1.353840,1.345568
405,0,0.115938,1.126091,1.215826
406,0,0.131281,1.309118,1.647070
407,0,0.112615,1.114901,1.249318
408,0,0.126831,1.220469,1.020751
409,0,0.111601,1.151567,1.324217
410,0,0.149961,1.390982,1.702027
411,0,0.135320,1.262436,1.104266
412,0,0.122269,1.192467,1.367711
413,0,0.118190,1.095294,0.938619
414,0,0.121871,1.240206,1.289010
415,0,0.122953,1.196602,1.187662
416,0,0.126907,1.113145,0.849869
417,0,0.119917,0.974943,1.111824
418,0,0.129822,1.200677,0.943473
419,0,0.159788,1.514813,1.024252
420,0,0.114062,1.171143,1.282951
421,0,0.122016,1.026485,0.891197
422,0,0.122946,1.161851,1.320750
423,0,0.085663,0.660404,0.640876
424,0,0.123135,1.223100,1.434786
425,0,0.111529,1.070447,1.215719
426,0,0.128409,1.212106,1.015279
427,0,0.121948,1.159199,1.338939
428,0,0.098627,0.861094,0.936558
429,0,0.109635,0.949144,1.277342
430,0,0.123030,1.201954,1.406482
431,0,0.121374,1.190027,1.212607
432,0,0.133595,1.101277,1.149944
433,0,0.148968,1.410517,1.096084
434,0,0.141462,1.198325,1.043319
435,0,0.132716,1.252837,1.165273
436,0,0.117682,1.089222,1.426625
437,0,0.129588,1.394162,1.491707
438,0,0.118610,1.153832,1.220809
439,0,0.144368,1.448785,1.076296
440,0,0.116310,1.084215,1.004821
441,0,0.130802,1.376647,1.014831
442,0,0.133253,1.208752,0.953375
443,0,0.120501,1.161788,1.344025
444,0,0.154170,1.454932,1.005849
445,0,0.146979,1.451426,1.712222
446,0,0.131139,1.419927,1.413196
447,0,0.123206,1.257719,1.279769
448,0,0.122463,1.159494,0.792891
449,0,0.124186,1.172902,1.140883
450,0,0.123793,1.259151,1.276221
451,0,0.128642,1.235219,0.983913
452,0,0.129181,1.229828,1.122634
453,0,0.113586,1.202759,1.146511
454,0,0.111111,1.090412,1.215680
455,0,0.105850,0.961157,0.923086
456,0,0.112460,1.000550,0.887314
457,0,0.114023,1.146025,1.203258
458,0,0.136283,1.435748,1.509516
459,0,0.125782,1.055273,1.116928
460,0,0.131156,1.442419,1.421266
461,0,0.097819,0.884133,0.868433
462,0,0.131941,1.334791,1.391527
463,0,0.148230,1.444035,1.801343
464,0,0.149990,1.338667,0.847659
465,0,0.121512,1.066720,1.028519
466,0,0.116550,1.189158,0.965090
467,0,0.116617,0.982943,1.071105
468,0,0.105484,1.117088,1.335877
469,0,0.115760,0.960813,1.227193
470,0,0.119554,1.172900,1.210350
471,0,0.134114,1.384304,1.518431
472,0,0.128564,1.188363,1.038342
473,0,0.132068,1.288911,1.413873
474,0,0.132219,1.239382,1.156646
475,0,0.126305,1.283369,1.185344
476,0,0.127892,1.234557,1.194666
477,0,0.128522,1.257781,1.206597
478,0,0.106027,1.162074,1.242333
479,0,0.142538,1.277434,1.516801
480,0,0.115609,1.165842,1.347250
481,0,0.145499,1.343487,1.158520
482,0,0.131880,1.204543,1.274883
483,0,0.139347,1.280411,1.357640
484,0,0.111372,1.183108,1.147229
485,0,0.127929,1.328264,1.308628
486,0,0.124358,1.279511,0.972783
487,0,0.115987,1.208922,0.995067
488,0,0.127243,1.231032,1.083273
489,0,0.125035,1.165126,1.003717
490,0,0.127240,1.223252,1.267097
491,0,0.133263,1.440947,1.483088
492,0,0.114308,1.124170,1.037305
493,0,0.115303,1.217707,1.081407
494,0,0.116908,1.012232,0.945089
495,0,0.121139,1.290275,1.372493
496,0,0.145743,1.310719,1.788490
497,0,0.139795,1.432528,1.228911
498,0,0.125207,1.160679,1.068996
499,0,0.130132,1.259008,0.909441
500,0,0.109815,0.961259,0.971477
501,0,0.132343,1.255841,1.042663
502,0,0.142008,1.502688,1.664456
503,0,0.132658,1.240308,1.022627
504,0,0.118972,1.182631,1.064918
505,0,0.109810,1.157569,1.247604
506,0,0.112222,1.038755,0.954478
507,0,0.127675,1.432109,1.395016
508,0,0.139191,1.394166,1.480418
509,0,0.109349,1.095318,0.942924
510,0,0.128462,1.328401,1.572459
511,0,0.107346,0.981359,0.995038
512,0,0.144326,1.329113,0.893577
513,0,0.150574,1.572719,1.654833
514,0,0.095849,0.913193,0.909593
515,0,0.148291,1.392122,1.064100
516,0,0.170279,1.591957,1.022259
517,0,0.105858,0.882142,0.960035
518,0,0.135200,1.268640,0.988018
519,0,0.121196,1.198486,1.273828
520,0,0.141327,1.418167,1.445259
521,0,0.124442,1.190685,1.587765
522,0,0.126946,1.172669,1.052508
523,0,0.139416,1.445443,1.156282
524,0,0.124793,1.260933,1.182369
525,0,0.127242,1.251871,1.143577
526,0,0.130995,1.243884,1.112665
527,0,0.116973,1.127714,1.071150
528,0,0.120346,1.096612,1.340040
529,0,0.120297,1.166520,1.042263
530,0,0.115860,1.245052,1.249412
531,0,0.135114,1.305653,0.953057
532,0,0.136370,1.053342,1.292819
533,0,0.113081,1.225182,1.065981
534,0,0.121742,1.100381,1.192141
535,0,0.121573,1.178647,1.262639
536,0,0.130776,1.302778,1.326599
537,0,0.111653,1.064126,0.983654
538,0,0.136173,1.377361,1.447496
539,0,0.137084,1.162427,1.112720
540,0,0.151951,1.433093,1.650039
541,0,0.129092,1.221004,1.460310
542,0,0.124785,1.151338,1.100858
543,0,0.111868,1.182031,1.240110
544,0,0.149397,1.343633,1.066173
545,0,0.108064,1.117651,1.067450
546,0,0.137247,1.335404,1.571087
547,0,0.119283,1.123048,0.971111
548,0,0.134830,1.262592,1.115367
549,0,0.143947,1.370701,0.919083
550,0,0.101878,1.029079,1.354746
551,0,0.133731,1.338535,1.426152
552,0,0.143323,1.451686,1.642270
553,0,0.110799,0.971277,0.969040
554,0,0.117672,1.098985,1.292728
555,0,0.119948,1.206176,1.055734
556,0,0.124866,1.172809,1.342939
557,0,0.120671,1.193753,1.279677
558,0,0.137514,1.270041,0.993918
559,0,0.123901,1.280526,1.198547
560,0,0.114750,1.143251,1.267968
561,0,0.101272,0.761795,1.029086
562,0,0.123358,1.116675,0.916349
563,0,0.161201,1.382186,1.132350
564,0,0.114573,1.128540,1.056032
565,0,0.139825,1.374493,1.018616
566,0,0.117623,1.178813,1.167559
567,0,0.133747,1.239316,1.088815
568,0,0.137079,1.349448,1.478362
569,0,0.127405,1.074403,1.083813
570,0,0.111898,0.956550,0.962756
571,0,0.133241,1.366234,1.448285
572,0,0.131910,1.296200,1.334499
573,0,0.119527,1.201437,1.177474
574,0,0.113697,1.133945,1.128762
575,0,0.125580,1.043633,1.282113
576,0,0.107720,1.061978,0.828247
577,0,0.121981,1.242782,1.108749
578,0,0.145508,1.395536,1.289272
579,0,0.121568,1.098624,0.959271
580,0,0.138729,1.263990,1.116136
581,0,0.102888,1.022729,1.148127
582,0,0.113640,1.092616,1.063433
583,0,0.140485,1.420024,1.383662
584,0,0.120039,1.162502,1.122106
585,0,0.121477,1.117375,1.197757
586,0,0.103523,1.066189,1.158970
587,0,0.118771,1.242050,1.323528
588,0,0.097015,0.896544,0.894980
589,0,0.122095,1.314392,1.302279
590,0,0.119162,1.235655,1.201297
591,0,0.120368,1.079404,1.024835
592,0,0.125222,1.240731,0.940129
593,0,0.116428,1.034205,0.964226
594,0,0.130100,1.301718,1.249384
595,0,0.119601,1.113402,1.249066
596,0,0.145499,1.438876,1.046913
597,0,0.112273,1.050625,1.087709
598,0,0.114721,1.191868,1.321240
599,0,0.100026,1.006025,1.224795
600,0,0.132061,1.261262,1.236831
601,0,0.122504,1.263365,1.262805
602,0,0.158228,1.489621,0.958120
603,0,0.131964,1.307360,1.137709
604,0,0.110866,0.950078,1.028698
605,0,0.121193,1.109100,1.073905
606,0,0.102800,0.984600,0.922303
607,0,0.146531,1.352277,1.647573
608,0,0.066013,0.645122,1.498215
609,0,0.113847,1.129273,1.274296
610,0,0.120523,1.088996,1.210409
611,0,0.136466,1.217161,1.125802
612,0,0.131215,1.358146,1.326430
613,0,0.119184,1.146468,1.667076
614,0,0.137384,1.455670,1.746953
615,0,0.106312,0.933229,0.972553
616,0,0.113666,1.225405,1.095855
617,0,0.126766,1.306778,1.299660
618,0,0.108802,1.163668,1.224567
619,0,0.125811,1.159212,1.197863
620,0,0.081388,0.773590,1.433911
621,0,0.106414,0.924662,0.931053
622,0,0.126906,1.269336,1.143145
623,0,0.139999,1.364939,1.424820
624,0,0.134118,1.234407,1.098440
625,0,0.131702,1.182288,1.214645
626,0,0.112581,1.184887,1.414040
627,0,0.119007,1.224740,1.499982
628,0,0.128855,1.254308,1.285394
629,0,0.144423,1.366369,1.024099
630,0,0.146749,1.290482,1.112871
631,0,0.152061,1.516213,1.079799
632,0,0.157238,1.550969,1.095870
633,0,0.110474,1.121344,1.139340
634,0,0.127940,1.235933,1.090958
635,0,0.132726,1.426262,1.574660
636,0,0.107021,1.020958,0.921189
637,0,0.116888,1.151490,0.976675
638,0,0.130192,1.146063,1.042397
639,0,0.131732,1.270296,1.083827
640,0,0.128997,1.308855,1.050952
641,0,0.124384,1.216871,1.249974
642,0,0.125671,1.150950,1.144352
643,0,0.110742,1.018376,1.017189
644,0,0.079172,0.482942,0.593450
645,0,0.141019,1.372347,1.031978
646,0,0.117953,1.165886,1.037749
647,0,0.110277,0.945963,1.170116
648,0,0.122564,1.252865,1.270856
649,0,0.130996,1.198547,0.949939
650,0,0.119013,1.119162,1.281808
651,0,0.134987,1.458384,1.560944
652,0,0.122105,1.190096,1.466090
653,0,0.115534,1.087870,1.058626
654,0,0.115493,1.092432,1.198967
655,0,0.157218,1.614903,1.241853
656,0,0.127999,1.371717,1.444015
657,0,0.118873,1.076730,0.965386
658,0,0.114820,1.111974,1.183893
659,0,0.111444,1.155387,1.354553
660,0,0.151969,1.477487,1.013326
661,0,0.121773,1.116505,1.360020
662,0,0.165412,1.521859,1.131962
663,0,0.144847,1.355789,0.978691
664,0,0.119319,1.074196,0.956610
665,0,0.128010,1.264463,1.216442
666,0,0.127995,1.288156,1.298691
667,0,0.115125,1.081554,1.060271
668,0,0.138369,1.539764,1.679686
669,0,0.136480,1.299735,0.937366
670,0,0.117196,1.195773,1.089138
671,0,0.125642,1.212688,1.045027
672,0,0.139047,1.405013,1.157749
673,0,0.126745,1.132426,1.416693
674,0,0.094616,0.888613,1.069139
675,0,0.136199,1.354733,1.103262
676,0,0.118392,0.961458,1.245175
677,0,0.092209,0.623186,0.645048
678,0,0.123887,1.188779,1.305227
679,0,0.101504,0.920165,0.964388
680,0,0.105015,0.899582,0.915800
681,0,0.116961,1.125869,1.132454
682,0,0.114802,1.070205,1.195047
683,0,0.109824,0.991945,1.040644
684,0,0.133418,1.350730,1.290556
685,0,0.178648,1.599549,1.032617
686,0,0.138693,1.429348,1.568192
687,0,0.114856,1.112439,1.150488
688,0,0.128100,1.351529,1.427433
689,0,0.126919,1.249433,1.375050
690,0,0.125419,1.256215,1.119065
691,0,0.139456,1.428464,1.499773
692,0,0.151145,1.480549,0.969869
693,0,0.128936,1.172241,1.138113
694,0,0.128919,1.301085,1.330215
695,0,0.109290,1.130625,1.319347
696,0,0.152618,1.374924,1.020425
697,0,0.144507,1.347037,0.982588
698,0,0.122997,1.049419,1.173434
699,0,0.114946,1.203392,1.281655
700,0,0.159441,1.463212,1.844955
701,0,0.127612,1.156738,1.406229
702,0,0.121071,1.217260,1.122881
703,0,0.117628,1.148878,1.302939
704,0,0.116934,1.143289,1.351029
705,0,0.107150,1.067926,1.259932
706,0,0.123840,1.180133,1.310094
707,0,0.101920,1.094494,1.323612
708,0,0.112583,1.151459,1.253756
709,0,0.129030,1.358799,1.362469
710,0,0.131696,1.267738,1.210308
711,0,0.116317,1.082530,0.951471
712,0,0.120236,0.985939,1.009612
713,0,0.136573,1.274696,0.839562
714,0,0.145656,1.429397,1.049791
715,0,0.155672,1.483172,0.963790
716,0,0.115181,1.150122,1.188961
717,0,0.107436,1.097298,1.224041
718,0,0.114516,1.211969,1.433726
719,0,0.124925,1.184208,1.255431
720,0,0.121101,1.207140,1.175860
721,0,0.158929,1.407368,1.025286
722,0,0.112496,1.103520,1.235809
723,0,0.115250,1.041981,0.836987
724,0,0.126869,1.255447,1.300287
725,0,0.122683,1.072234,1.352446
726,0,0.124022,1.172731,1.343991
727,0,0.124842,1.205923,1.477045
728,0,0.120927,1.099268,1.122161
729,0,0.106747,1.046072,0.996869
730,0,0.108573,1.089712,1.197410
731,0,0.148636,1.430217,1.361054
732,0,0.163595,1.529949,1.303378
733,0,0.111208,1.138127,1.278583
734,0,0.124310,1.264416,1.359182
735,0,0.128398,1.260222,1.293691
736,0,0.117303,1.083468,0.976082
737,0,0.117925,1.190316,1.298576
738,0,0.121185,1.135380,0.999779
739,0,0.105981,0.942784,0.944749
740,0,0.129228,1.312543,1.210151
741,0,0.121717,1.152581,1.203428
742,0,0.120012,1.157149,1.228085
743,0,0.099421,0.984153,1.129319
744,0,0.121279,1.129140,0.984348
745,0,0.123046,1.260774,1.319358
746,0,0.137889,1.504354,1.470683
747,0,0.105984,0.953567,0.965112
748,0,0.071920,0.662912,0.627669
749,0,0.119773,1.097055,1.082547
750,0,0.106108,1.033062,1.062319
751,0,0.109118,1.059625,1.014338
752,0,0.121712,1.119683,1.239289
753,0,0.106331,1.086472,1.106760
754,0,0.123760,1.228319,1.239758
755,0,0.116361,1.120270,1.261978
756,0,0.131464,1.157516,1.322958
757,0,0.117141,1.193059,1.298501
758,0,0.120584,1.036877,1.243004
759,0,0.136433,1.297315,1.096816
760,0,0.136254,1.336114,1.341875
761,0,0.122332,1.134784,1.295718
762,0,0.123169,1.205001,1.166778
763,0,0.123309,1.256210,1.421239
764,0,0.146451,1.335297,1.126288
765,0,0.114533,1.175183,1.432816
766,0,0.128534,1.288953,1.178668
767,0,0.103121,0.958672,1.313004
768,0,0.109098,1.193433,1.360708
769,0,0.122604,1.220452,1.013435
770,0,0.136837,1.330830,1.635007
771,0,0.100303,0.987313,0.896316
772,0,0.130636,1.216051,1.278439
773,0,0.118066,1.146730,1.198523
774,0,0.104940,1.060513,1.186208
775,0,0.111074,1.163350,1.252557
776,0,0.137612,1.322878,1.016950
777,0,0.141691,1.480338,1.423087
778,0,0.113986,1.007574,0.928136
779,0,0.108542,0.960515,1.020838
780,0,0.114138,1.161655,1.250414
781,0,0.105389,0.996915,1.165619
782,0,0.104042,1.059940,1.206184
783,0,0.120028,1.181105,1.224569
784,0,0.136585,1.201771,1.121776
785,0,0.147332,1.451875,1.160021
786,0,0.113471,1.132265,1.136073
787,0,0.120464,1.193516,1.213851
788,0,0.139526,1.403346,1.355159
789,0,0.139273,1.307394,0.865742
790,0,0.130478,1.274258,1.182852
791,0,0.120683,1.190292,1.189118
792,0,0.119279,1.094610,1.044068
793,0,0.124338,1.214733,1.129664
794,0,0.153452,1.409813,1.621290
795,0,0.110346,0.974002,1.025843
796,0,0.133745,1.394699,1.379862
797,0,0.125097,1.138420,1.002435
798,0,0.112946,1.128534,1.321090
799,0,0.118283,1.097821,1.108519
800,0,0.129638,1.081213,0.922424
801,0,0.122444,1.194290,1.011843
802,0,0.113263,1.180533,1.351105
803,0,0.119689,1.289249,1.234958
804,0,0.127298,1.235412,1.037617
805,0,0.121875,1.193030,1.352213
806,0,0.110642,1.131899,1.284619
807,0,0.126267,1.158177,1.008664
808,0,0.132953,1.235237,1.028558
809,0,0.132189,1.370831,1.496848
810,0,0.133730,1.361088,1.345002
811,0,0.124622,1.187581,1.231014
812,0,0.113298,1.155285,1.247659
813,0,0.141178,1.406619,1.468129
814,0,0.119891,1.105512,1.179073
815,0,0.131297,1.217305,1.045036
816,0,0.113205,1.082680,1.327937
817,0,0.127884,1.201059,1.133668
818,0,0.124313,1.164693,1.287487
819,0,0.120078,1.177992,1.300792
820,0,0.110291,1.133927,1.203429
821,0,0.117059,1.209604,1.237136
822,0,0.119008,1.156535,1.039821
823,0,0.113833,1.096969,1.258143
824,0,0.116794,1.069081,1.050839
825,0,0.097803,0.841740,0.980405
826,0,0.119924,1.181074,1.162431
827,0,0.144199,1.499068,1.115852
828,0,0.115564,1.206426,1.168040
829,0,0.148863,1.368547,1.752534
830,0,0.138667,1.417599,1.044565
831,0,0.115866,1.003573,0.922520
832,0,0.113067,0.965002,0.855981
833,0,0.115448,0.986113,0.967820
834,0,0.134531,1.184777,0.939589
835,0,0.151828,1.361909,0.946690
836,0,0.117741,1.187497,1.342034
837,0,0.113698,1.049149,1.300579
838,0,0.140468,1.328362,1.177227
839,0,0.117268,1.147307,1.010350
840,0,0.124037,1.233917,1.207659
841,0,0.130647,1.191700,1.039318
842,0,0.124384,1.139485,0.986511
843,0,0.117584,1.094020,0.937851
844,0,0.134173,1.205173,0.884017
845,0,0.133572,1.298621,1.132324
846,0,0.159881,1.502885,1.015460
847,0,0.127396,1.199881,1.277821
848,0,0.110317,1.097916,1.249096
849,0,0.113435,1.089951,1.347262
850,0,0.115366,1.164595,1.332039
851,0,0.130797,1.374879,1.335637
852,0,0.123603,1.112229,0.909184
853,0,0.110836,0.952936,0.784267
854,0,0.124720,1.074868,1.081279
855,0,0.135900,1.318940,1.016088
856,0,0.132547,1.353463,1.307685
857,0,0.122060,1.240618,1.163518
858,0,0.123520,1.222410,1.112894
859,0,0.096399,1.014188,1.042704
860,0,0.121976,1.259360,1.368672
861,0,0.130128,1.296226,1.067173
862,0,0.122497,1.188661,0.954243
863,0,0.129557,1.175478,1.475842
864,0,0.123277,1.247378,1.236333
865,0,0.116898,1.104055,1.019773
866,0,0.158500,1.535540,1.011774
867,0,0.130153,1.204363,1.312682
868,0,0.118535,1.300501,1.340994
869,0,0.107794,1.137163,1.234708
870,0,0.111060,1.045151,1.179872
871,0,0.122836,1.125989,1.220622
872,0,0.133358,1.230789,0.950235
873,0,0.132323,1.265764,1.129786
874,0,0.127366,1.309822,1.289444
875,0,0.115930,1.134336,1.117136
876,0,0.108567,1.126541,1.273574
877,0,0.129873,1.183752,1.382079
878,0,0.123124,1.121889,1.065704
879,0,0.097493,0.827249,0.957457
880,0,0.159178,1.484810,1.081513
881,0,0.115896,1.199227,1.220221
882,0,0.125407,1.235069,1.262451
883,0,0.127469,1.348147,1.337942
884,0,0.151287,1.408551,1.799463
885,0,0.121999,1.175566,1.104449
886,0,0.118633,1.146433,1.248047
887,0,0.116040,1.083385,1.218509
888,0,0.104723,0.917046,0.852978
889,0,0.124676,1.182189,1.055979
890,0,0.120024,1.210929,1.203120
891,0,0.115751,1.065751,0.792815
892,0,0.160410,1.536027,1.153811
893,0,0.157214,1.490431,0.990019
894,0,0.136439,1.450075,1.545733
895,0,0.122143,1.253480,1.126677
896,0,0.127897,1.252837,1.237987
897,0,0.128532,1.186398,1.035696
898,0,0.142947,1.302510,0.975409
899,0,0.122365,1.210766,1.159440
900,0,0.134082,1.395886,1.055594
901,0,0.117540,1.141773,1.149294
902,0,0.123209,1.096058,1.144898
903,0,0.143897,1.328259,1.578340
904,0,0.121278,1.067770,1.263490
905,0,0.139982,1.309328,1.038055
906,0,0.097352,0.955444,1.156259
907,0,0.123173,1.269586,1.409713
908,0,0.138846,1.302379,1.042242
909,0,0.147599,1.376372,1.080055
910,0,0.139448,1.404811,0.977973
911,0,0.126384,1.222755,1.367899
912,0,0.123558,1.111995,1.190249
913,0,0.127263,1.257470,1.158193
914,0,0.129318,1.268321,1.255914
915,0,0.126743,1.260345,1.121019
916,0,0.122858,1.190530,1.279554
917,0,0.116706,1.042699,0.901487
918,0,0.142081,1.287931,1.660270
919,0,0.123581,1.142694,1.088843
920,0,0.148250,1.442447,1.243837
921,0,0.141460,1.407749,1.108026
922,0,0.100965,0.927448,0.939798
923,0,0.128641,1.289679,1.272160
924,0,0.109518,1.042967,1.196154
925,0,0.142111,1.555947,1.665188
926,0,0.108341,1.065118,1.119745
927,0,0.119038,1.287695,1.254598
928,0,0.120650,1.102916,1.028662
929,0,0.132000,1.312717,1.057012
930,0,0.138108,1.344988,1.154485
931,0,0.155896,1.488749,0.975278
932,0,0.129403,1.120008,1.028839
933,0,0.132996,1.361366,1.011231
934,0,0.159820,1.485101,1.019978
935,0,0.126466,1.254368,1.131225
936,0,0.112728,1.152154,1.155859
937,0,0.115503,1.030180,1.320887
938,0,0.098511,0.660190,0.633355
939,0,0.126796,1.284705,1.022668
940,0,0.153484,1.371783,1.029333
941,0,0.132158,1.406417,1.124133
942,0,0.132147,1.341905,1.125264
943,0,0.123161,1.199763,1.119456
944,0,0.119255,1.093674,1.033442
945,0,0.142678,1.269817,1.024062
946,0,0.110896,1.117252,0.975595
947,0,0.125025,1.226614,1.206223
948,0,0.123008,1.271274,1.221687
949,0,0.147860,1.511887,1.173586
950,0,0.116405,1.189107,1.211916
951,0,0.164550,1.488124,1.045748
952,0,0.120086,1.235345,0.975986
953,0,0.121045,1.183310,1.139603
954,0,0.115279,1.059736,1.322945
955,0,0.106108,1.039649,1.114855
956,0,0.119528,0.968200,1.136608
957,0,0.123914,1.208061,1.206956
958,0,0.123329,1.105922,1.009268
959,0,0.142096,1.482621,1.410375
960,0,0.111112,1.027854,0.879060
961,0,0.135749,1.408865,1.003806
962,0,0.139537,1.161076,1.236768
963,0,0.126491,1.393698,1.475799
964,0,0.117679,1.108087,0.944713
965,0,0.116337,1.121625,0.956541
966,0,0.119201,1.109876,0.960149
967,0,0.161218,1.377626,1.045927
968,0,0.123691,1.240587,1.354059
969,0,0.115969,1.137228,1.224898
970,0,0.105426,1.138116,1.274444
971,0,0.126763,1.263947,1.271879
972,0,0.106875,1.024016,0.930071
973,0,0.107471,1.026896,1.283175
974,0,0.108600,0.952281,0.814117
975,0,0.149352,1.498792,1.448650
976,0,0.120454,1.058792,1.256488
977,0,0.125112,1.249062,1.181109
978,0,0.123141,1.051404,1.225331
979,0,0.146920,1.450472,1.016519
980,0,0.121999,1.193145,1.325493
981,0,0.120290,1.045342,1.244256
982,0,0.111774,1.094497,1.200836
983,0,0.104843,1.079923,1.219431
984,0,0.107401,1.057870,1.077677
985,0,0.132647,1.365244,1.295892
986,0,0.114947,1.078046,1.123692
987,0,0.135289,1.225462,1.086359
988,0,0.126106,1.225166,1.094026
989,0,0.123244,1.259331,1.090508
990,0,0.110247,1.068741,1.186972
991,0,0.111219,1.025513,1.120196
992,0,0.122890,1.142335,1.184790
993,0,0.123878,1.187948,1.254024
994,0,0.148290,1.329238,1.017139
995,0,0.136778,1.466937,1.533519
996,0,0.145677,1.571938,1.545940
997,0,0.119394,1.307272,1.302624
998,0,0.133523,1.325863,1.068961
999,0,0.121743,1.064413,1.114865
1000,0,0.157375,1.491688,0.990427
1001,0,0.140176,1.309469,1.179484
1002,0,0.127830,1.301159,1.174156
1003,0,0.168266,1.452605,1.008120
1004,0,0.112506,1.143177,1.240614
1005,0,0.134620,1.203209,0.983191
1006,0,0.133120,1.281366,1.031446
1007,0,0.108333,1.143465,1.381749
1008,0,0.119839,1.101032,0.992964
1009,0,0.139022,1.429753,1.340991
1010,0,0.112463,1.012364,1.072044
1011,0,0.122336,1.254487,1.200872
1012,0,0.120924,1.127961,0.818162
1013,0,0.107651,1.078967,1.200671
1014,0,0.120062,1.176012,1.293529
1015,0,0.131456,1.377025,1.118548
1016,0,0.108707,1.079871,0.983165
1017,0,0.123398,1.238138,1.041443
1018,0,0.127952,1.345024,1.432498
1019,0,0.123188,1.147507,1.235156
1020,0,0.124284,1.159946,1.152465
1021,0,0.118287,1.018429,1.096710
1022,0,0.127354,1.039973,1.243438
1023,0,0.167125,1.440354,1.028280
1024,0,0.124397,1.387263,1.287524
1025,0,0.137528,1.357662,0.996740
1026,0,0.131387,1.286194,1.193403
1027,0,0.129255,1.242723,1.053163
1028,0,0.101027,0.994897,1.393375
1029,0,0.105465,1.085747,1.358861
1030,0,0.116336,1.230933,1.267358
1031,0,0.122048,1.164527,1.043484
1032,0,0.128847,1.207377,1.270790
1033,0,0.110005,1.042945,1.148293
1034,0,0.136048,1.426985,1.448225
1035,0,0.130746,1.358434,1.100019
1036,0,0.138253,1.378784,1.425822
1037,0,0.128717,1.285919,1.248960
1038,0,0.103447,0.970700,0.964281
1039,0,0.109948,1.063810,1.004313
1040,0,0.126014,1.296407,1.138003
1041,0,0.108005,1.069726,1.119871
1042,0,0.110143,0.962228,0.949387
1043,0,0.115264,1.190104,1.147490
1044,0,0.122582,1.220738,1.151965
1045,0,0.118453,1.174700,0.874576
1046,0,0.132715,1.289627,1.026804
1047,0,0.137241,1.501874,1.611826
1048,0,0.124830,1.337344,1.376453
1049,0,0.135725,1.513026,1.518840
1050,0,0.101068,0.846050,0.990552
1051,0,0.142139,1.393018,1.519349
1052,0,0.113573,1.142028,1.213903
1053,0,0.104588,1.154564,1.434409
1054,0,0.126201,1.254087,1.501959
1055,0,0.155236,1.401876,1.105039
1056,0,0.108821,1.153082,1.094840
1057,0,0.124750,1.274705,1.175825
1058,0,0.113100,1.048751,1.216262
1059,0,0.100310,1.084662,1.415905
1060,0,0.111818,0.932541,0.939096
1061,0,0.116559,1.123096,1.167475
1062,0,0.132921,1.402958,1.497404
1063,0,0.105234,0.937782,0.896363
1064,0,0.115614,1.124255,1.199312
1065,0,0.127061,1.294384,1.275147
1066,0,0.108802,1.137548,1.287998
1067,0,0.128050,1.309096,1.006766
1068,0,0.120819,1.195789,1.065950
1069,0,0.127187,1.196431,1.225197
1070,0,0.130590,1.226514,1.124607
1071,0,0.119899,1.223298,1.339797
1072,0,0.124371,1.203195,1.347497
1073,0,0.136685,1.276274,1.146883
1074,0,0.111291,1.021202,1.283975
1075,0,0.123278,1.228681,1.184305
1076,0,0.136478,1.225007,1.587489
1077,0,0.143480,1.421426,1.863647
1078,0,0.132134,1.239296,1.200073
1079,0,0.096125,0.834548,0.858345
1080,0,0.142334,1.333140,1.147144
1081,0,0.117337,1.109506,1.325011
1082,0,0.121770,1.140626,1.095777
1083,0,0.130215,1.122264,1.155236
1084,0,0.141202,1.449561,1.684142
1085,0,0.106461,1.108762,1.333972
1086,0,0.101922,1.029848,1.374153
1087,0,0.123211,1.214429,1.136320
1088,0,0.137441,1.335228,1.275942
1089,0,0.124359,1.295154,1.333037
1090,0,0.115471,1.185480,1.126592
1091,0,0.122074,1.220127,1.232311
1092,0,0.143865,1.360071,1.063215
1093,0,0.137383,1.351840,1.009143
1094,0,0.120107,1.244289,1.200417
1095,0,0.119807,1.172065,1.042352
1096,0,0.115745,1.152578,1.122795
1097,0,0.122975,1.240580,1.295916
1098,0,0.111521,1.133651,1.224882
1099,0,0.110250,1.191020,1.288783
1100,0,0.145809,1.316721,1.197883
1101,0,0.111639,1.021431,0.883964
1102,0,0.114247,1.126219,1.219771
1103,0,0.124550,1.149504,0.972375
1104,0,0.112738,1.129383,1.256043
1105,0,0.150002,1.478108,1.034888
1106,0,0.133406,1.328124,0.995080
1107,0,0.130060,1.256381,1.164791
1108,0,0.108370,1.036112,1.291749
1109,0,0.142845,1.477558,1.754499
1110,0,0.123470,1.077279,1.143084
1111,0,0.130199,1.290077,0.923264
1112,0,0.114004,0.939255,0.902093
1113,0,0.102469,0.919881,1.037716
1114,0,0.123540,1.141500,1.316375
1115,0,0.105839,1.001403,1.133975
1116,0,0.130315,1.334018,1.276979
1117,0,0.119643,1.067423,0.927007
1118,0,0.123313,1.074240,1.360774
1119,0,0.137464,1.354982,1.308080
1120,0,0.094181,0.891118,0.923801
1121,0,0.118622,1.056365,1.238807
1122,0,0.120675,1.169500,1.143234
1123,0,0.119510,1.129812,1.256148
1124,0,0.116963,1.134537,0.941293
1125,0,0.117203,1.005911,0.914352
1126,0,0.123399,1.197928,1.366143
1127,0,0.116219,1.191334,1.322688
1128,0,0.128554,1.202941,1.174130
1129,0,0.155737,1.486496,0.935367
1130,0,0.112610,1.202429,1.235134
1131,0,0.139745,1.376645,1.583755
1132,0,0.130473,1.277795,1.235105
1133,0,0.151155,1.349594,1.064415
1134,0,0.101959,1.077839,0.992002
1135,0,0.121290,1.195709,1.103781
1136,0,0.108132,1.072276,1.020257
1137,0,0.114403,1.106638,1.219850
1138,0,0.107596,0.994464,1.043094
1139,0,0.115984,1.049544,0.990829
1140,0,0.123633,1.296478,1.284106
1141,0,0.149517,1.402453,1.149834
1142,0,0.129226,1.229355,1.136503
1143,0,0.136449,1.378920,1.405296
1144,0,0.130298,1.381677,1.250679
1145,0,0.118187,1.118259,1.083280
1146,0,0.120989,1.111372,1.398168
1147,0,0.140977,1.352446,1.611439
1148,0,0.125092,1.130540,1.217149
1149,0,0.128545,1.357059,1.223472
1150,0,0.149569,1.399742,1.403827
1151,0,0.132733,1.043468,1.076614
1152,0,0.120947,1.074313,1.329276
1153,0,0.123049,1.168293,1.154104
1154,0,0.123125,1.177037,1.107450
1155,0,0.115400,1.187325,1.120311
1156,0,0.110375,1.137109,1.055851
1157,0,0.118309,1.064287,1.049319
1158,0,0.143147,1.410037,1.038031
1159,0,0.132465,1.287310,1.184655
1160,0,0.126679,1.196072,1.396320
1161,0,0.127352,1.209822,1.180081
1162,0,0.127348,1.284548,1.035887
1163,0,0.137950,1.439051,1.480346
1164,0,0.114520,1.128519,1.209553
1165,0,0.168966,1.471631,1.015005
1166,0,0.144838,1.336587,1.092324
1167,0,0.167477,1.566136,0.893286
1168,0,0.114370,1.126426,1.144641
1169,0,0.108728,1.043777,1.224244
1170,0,0.131414,1.238661,1.103570
1171,0,0.159285,1.473492,0.991070
1172,0,0.117075,1.142606,1.112470
1173,0,0.132852,1.348946,1.177176
1174,0,0.152933,1.468575,1.073731
1175,0,0.132622,1.266279,1.085216
1176,0,0.113434,1.111902,1.297577
1177,0,0.161381,1.493457,0.973895
1178,0,0.123646,1.187719,1.253437
1179,0,0.153549,1.494355,1.118435
1180,0,0.120749,0.996380,1.057917
1181,0,0.118851,1.220888,1.095049
1182,0,0.135059,1.312939,0.985334
1183,0,0.133285,1.108155,1.477585
1184,0,0.120680,1.029776,1.064981
1185,0,0.118248,1.199666,1.204631
1186,0,0.169202,1.592344,1.084301
1187,0,0.122343,1.107645,1.149838
1188,0,0.115414,1.087564,1.029201
1189,0,0.131049,1.069094,1.247344
1190,0,0.136672,1.423558,1.759728
1191,0,0.125060,1.147561,1.327552
1192,0,0.117344,1.075758,1.136487
1193,0,0.114621,1.181947,1.361035
1194,0,0.118011,1.101226,1.130463
1195,0,0.132817,1.257312,1.024254
1196,0,0.123062,1.288543,1.305865
1197,0,0.114888,1.067021,1.413700
1198,0,0.109261,1.108464,1.268327
1199,0,0.127767,1.157529,0.903802
1200,0,0.141912,1.238884,0.777927
1201,0,0.118419,1.137803,1.215620
1202,0,0.114588,1.017803,1.017821
1203,0,0.115435,1.129279,1.215252
1204,0,0.114779,1.125746,1.132156
1205,0,0.137822,1.210059,0.990598
1206,0,0.163941,1.540414,1.075774
1207,0,0.121400,1.107916,1.151690
1208,0,0.135922,1.460816,1.374718
1209,0,0.140216,1.395203,1.367222
1210,0,0.145292,1.352215,1.562253
1211,0,0.111848,1.047095,0.945193
1212,0,0.129209,1.149917,0.916647
1213,0,0.112409,1.139017,1.103438
1214,0,0.105719,1.012059,0.981242
1215,0,0.121267,1.153614,1.262865
1216,0,0.141943,1.339325,1.050021
1217,0,0.122440,1.111267,1.153074
1218,0,0.132645,1.302747,0.978896
1219,0,0.109968,1.138115,1.313764
1220,0,0.122433,1.193027,1.311102
1221,0,0.113682,1.113910,1.105333
1222,0,0.117474,1.136523,1.028691
1223,0,0.130353,1.275952,1.232876
1224,0,0.122209,1.183523,1.239226
1225,0,0.121445,1.243276,1.271963
1226,0,0.113296,1.225760,1.390975
1227,0,0.114675,1.109428,1.106063
1228,0,0.121523,1.051248,1.240945
1229,0,0.138868,1.369771,1.324331
1230,0,0.133665,1.472983,1.433004
1231,0,0.137563,1.429409,1.843113
1232,0,0.136463,1.366336,1.080146
1233,0,0.119139,1.174070,1.273247
1234,0,0.123587,1.197065,1.238681
1235,0,0.113275,1.153089,1.212314
1236,0,0.139206,1.420907,1.546227
1237,0,0.132682,1.264687,1.216775
1238,0,0.135839,1.295746,1.037022
1239,0,0.125744,1.253575,1.062582
1240,0,0.129984,1.398848,1.347400
1241,0,0.124386,1.326145,1.049370
1242,0,0.115911,1.138522,1.454866
1243,0,0.142861,1.337443,0.984094
1244,0,0.134661,1.207659,1.090915
1245,0,0.129395,1.219939,1.233822
1246,0,0.117070,1.186960,1.122700
1247,0,0.127572,1.133750,1.182872
1248,0,0.143722,1.417886,1.095673
1249,0,0.120240,1.195129,1.347362
1250,0,0.120527,1.219369,1.312806
1251,0,0.128133,1.321534,1.077359
1252,0,0.101397,0.950675,1.156237
1253,0,0.117561,1.159793,1.234516
1254,0,0.137866,1.265676,1.044791
1255,0,0.123085,1.177822,1.239207
1256,0,0.108787,0.965372,0.867141
1257,0,0.119402,1.052940,1.169579
1258,0,0.132492,1.384796,1.338759
1259,0,0.134526,1.369162,1.178904
1260,0,0.111723,1.044208,1.174012
1261,0,0.094389,0.892223,0.887512
1262,0,0.122182,1.251606,1.305188
1263,0,0.139175,1.497560,1.435925
1264,0,0.096207,0.884959,0.982849
1265,0,0.128744,1.161944,1.298127
1266,0,0.133041,1.308837,0.921381
1267,0,0.118104,1.040421,0.903914
1268,0,0.135140,1.272985,0.930627
1269,0,0.129835,1.332252,1.600784
1270,0,0.133086,1.188546,1.113127
1271,0,0.129500,1.275865,1.069641
1272,0,0.119095,1.123497,1.112506
1273,0,0.132206,1.172881,0.892200
1274,0,0.123970,1.178607,1.129392
1275,0,0.127378,1.274073,1.168137
1276,0,0.164490,1.439076,1.073260
1277,0,0.124459,1.094175,1.092007
1278,0,0.102322,0.937639,1.260518
1279,0,0.117474,1.215842,1.124701
1280,0,0.114124,1.174677,1.434944
1281,0,0.154562,1.526556,1.158378
1282,0,0.120199,1.319755,1.570550
1283,0,0.124336,1.288308,1.352813
1284,0,0.120071,1.105021,0.876439
1285,0,0.141163,1.262111,1.098347
1286,0,0.118181,1.198556,0.974395
1287,0,0.131012,1.283840,1.412222
1288,0,0.131189,1.197607,1.072619
1289,0,0.117566,1.141777,1.312414
1290,0,0.125677,1.195566,1.242977
1291,0,0.112283,1.157460,1.131549
1292,0,0.120545,1.042092,1.046279
1293,0,0.124098,1.206970,1.226423
1294,0,0.134618,1.196458,0.931383
1295,0,0.147788,1.304155,1.097458
1296,0,0.125221,1.286199,1.298794
1297,0,0.113859,1.139788,1.214779
1298,0,0.119642,1.111062,1.202049
1299,0,0.111882,1.026144,1.037957
1300,0,0.157466,1.533353,1.152758
1301,0,0.118194,1.237684,1.240534
1302,0,0.119838,1.228678,1.268530
1303,0,0.116559,1.038173,0.989911
1304,0,0.128199,1.195248,1.001954
1305,0,0.125652,1.017858,1.027696
1306,0,0.124494,1.062792,1.175832
1307,0,0.107711,1.082858,1.121716
1308,0,0.123770,1.053971,0.991639
1309,0,0.121784,1.245797,1.189803
1310,0,0.134492,1.340253,1.512407
1311,0,0.135943,1.334117,1.264041
1312,0,0.108796,1.138361,1.158428
1313,0,0.165164,1.482126,1.120172
1314,0,0.082644,0.820603,1.361246
1315,0,0.134473,1.337726,1.446412
1316,0,0.128667,1.243548,1.136451
1317,0,0.126201,1.240707,0.986816
1318,0,0.130773,1.368872,1.333372
1319,0,0.119252,1.178733,1.170368
1320,0,0.128544,1.225138,1.069947
1321,0,0.118370,1.118403,1.262964
1322,0,0.161830,1.463292,0.895458
1323,0,0.126636,1.248351,1.059210
1324,0,0.144366,1.421948,1.052058
1325,0,0.129375,1.260812,1.248408
1326,0,0.120613,1.183188,1.029719
1327,0,0.125241,1.317153,1.258188
1328,0,0.125652,1.271964,0.953437
1329,0,0.137592,1.316664,1.027865
1330,0,0.127062,1.200399,1.146995
1331,0,0.119413,1.025781,1.072993
1332,0,0.132876,1.255512,1.116928
1333,0,0.104500,1.103638,1.329280
1334,0,0.136808,1.280634,1.361728
1335,0,0.123533,1.143298,1.154913
1336,0,0.126464,1.231674,1.349939
1337,0,0.130481,1.200484,1.116228
1338,0,0.124479,1.088090,0.956478
1339,0,0.092318,0.683766,0.634676
1340,0,0.126439,1.190692,1.225366
1341,0,0.108135,0.909244,0.892310
1342,0,0.162739,1.522502,1.040377
1343,0,0.121285,1.221003,1.039703
1344,0,0.124536,1.172992,1.077900
1345,0,0.137467,1.324070,1.110393
1346,0,0.157944,1.484360,0.987982
1347,0,0.116691,1.189555,1.183035
1348,0,0.123203,1.247649,1.414314
1349,0,0.103656,0.852429,0.916128
1350,0,0.105886,1.162395,1.270648
1351,0,0.137597,1.404903,1.230185
1352,0,0.130832,1.197313,0.899103
1353,0,0.144202,1.322123,0.981600
1354,0,0.125520,1.069697,1.192541
1355,0,0.117900,1.177318,1.323009
1356,0,0.151223,1.472111,1.155643
1357,0,0.113342,1.126167,1.037906
1358,0,0.112830,1.042856,0.948629
1359,0,0.097665,1.030528,1.394145
1360,0,0.126679,1.252431,1.257021
1361,0,0.129147,1.243894,1.228404
1362,0,0.126785,1.248410,1.078440
1363,0,0.123295,1.200446,1.077703
1364,0,0.110984,0.985556,1.170433
1365,0,0.128544,1.323640,1.232294
1366,0,0.127293,1.127420,1.152033
1367,0,0.101143,0.869747,1.061171
1368,0,0.136129,1.404998,1.528499
1369,0,0.115624,1.024246,1.017166
1370,0,0.103028,0.899579,0.886318
1371,0,0.107646,1.137332,1.332480
1372,0,0.128694,1.214448,1.165471
1373,0,0.142135,1.329732,0.943616
1374,0,0.141976,1.269890,1.478454
1375,0,0.102819,0.854930,0.938369
1376,0,0.120472,1.153887,1.141546
1377,0,0.122398,1.192923,1.419512
1378,0,0.124037,1.283110,1.376730
1379,0,0.142184,1.330412,1.041165
1380,0,0.122501,1.177947,1.081917
1381,0,0.130461,1.316752,1.392979
1382,0,0.104436,0.994182,1.096809
1383,0,0.121831,1.074483,1.142740
1384,0,0.128100,1.328667,1.080475
1385,0,0.127321,1.278851,1.186711
1386,0,0.113227,1.062911,1.254826
1387,0,0.135963,1.342996,0.999272
1388,0,0.122292,1.203859,1.335310
1389,0,0.125416,1.300216,1.097847
1390,0,0.140030,1.399967,1.050987
1391,0,0.111485,1.156658,1.251942
1392,0,0.103660,1.028004,1.305400
1393,0,0.124251,1.176142,1.144750
1394,0,0.116055,1.153033,1.035311
1395,0,0.136281,1.381041,1.473560
1396,0,0.121596,1.227363,1.320287
1397,0,0.117128,1.094127,1.413255
1398,0,0.111850,1.008427,1.206833
1399,0,0.110858,1.171064,1.155613
1400,0,0.146864,1.388861,0.992533
1401,0,0.176414,1.595121,1.175260
1402,0,0.110978,1.051450,1.299355
1403,0,0.118466,1.052693,0.975936
1404,0,0.121096,1.240476,1.242594
1405,0,0.138504,1.336665,1.284454
1406,0,0.129095,1.157769,0.965358
1407,0,0.112369,1.191855,1.246797
1408,0,0.146139,1.434819,1.093321
1409,0,0.126346,1.200795,1.119690
1410,0,0.142031,1.445481,1.105741
1411,0,0.110493,1.037610,1.081443
1412,0,0.113689,1.136456,1.144899
1413,0,0.118394,1.049179,1.157525
1414,0,0.112348,0.978302,1.055839
1415,0,0.108249,1.010206,0.947738
1416,0,0.119483,1.081475,1.270451
1417,0,0.129370,1.226918,1.317281
1418,0,0.125870,1.271614,1.242315
1419,0,0.113726,1.031139,1.338073
1420,0,0.122857,1.138750,1.223776
1421,0,0.128349,1.233818,1.142641
1422,0,0.127374,1.241152,1.192048
1423,0,0.143953,1.339477,1.014204
1424,0,0.147444,1.122456,1.348925
1425,0,0.124172,1.126890,0.988001
1426,0,0.147530,1.433625,1.066244
1427,0,0.128928,1.436491,1.524691
1428,0,0.139198,1.395435,0.911534
1429,0,0.105187,1.007023,0.945515
1430,0,0.130442,1.322708,1.375212
1431,0,0.102650,0.895364,0.952229
1432,0,0.132899,1.163695,1.050696
1433,0,0.137163,1.289463,1.245079
1434,0,0.126127,1.233161,1.247091
1435,0,0.113467,1.079661,0.889812
1436,0,0.126194,1.218919,1.109756
1437,0,0.111661,1.113536,1.185462
1438,0,0.124119,1.253799,1.164952
1439,0,0.111363,1.062037,0.988926
1440,0,0.110925,1.113815,1.113951
1441,0,0.129467,1.281972,1.052076
1442,0,0.116649,1.174539,1.264440
1443,0,0.140374,1.313342,0.902976
1444,0,0.129509,1.176223,1.302547
1445,0,0.128354,1.219419,1.454744
1446,0,0.102861,0.894703,0.924726
1447,0,0.116345,1.185189,1.298837
1448,0,0.109444,0.945957,0.887764
1449,0,0.119739,1.018278,1.161689
1450,0,0.128722,1.164663,1.153438
1451,0,0.148382,1.387054,1.157162
1452,0,0.135376,1.205854,0.977696
1453,0,0.154388,1.484009,0.888709
1454,0,0.140104,1.338160,1.048119
1455,0,0.112343,0.999088,1.012054
1456,0,0.133074,1.273298,1.211290
1457,0,0.154470,1.476424,1.607063
1458,0,0.121935,1.204973,1.275111
1459,0,0.124668,1.324541,1.221048
1460,0,0.117547,1.217393,1.244568
1461,0,0.117206,1.188620,1.173377
1462,0,0.133879,1.215227,1.179060
1463,0,0.156098,1.390961,0.995306
1464,0,0.098335,0.908607,0.922304
1465,0,0.136678,1.242235,1.173108
1466,0,0.131712,1.165117,1.055849
1467,0,0.124300,1.122346,1.048715
1468,0,0.121476,1.155343,1.243520
1469,0,0.117754,1.199431,1.229733
1470,0,0.140473,1.228668,1.065252
1471,0,0.130386,1.298216,1.474736
1472,0,0.111475,1.158686,1.166334
1473,0,0.123609,1.220919,1.130513
1474,0,0.117320,1.151469,1.269050
1475,0,0.113213,1.190683,1.199773
1476,0,0.116378,1.124846,1.202544
1477,0,0.123853,1.109722,1.142571
1478,0,0.110033,1.022278,0.965146
1479,0,0.126627,1.126295,0.875764
1480,0,0.121049,1.020110,1.054077
1481,0,0.115527,1.252990,1.219195
1482,0,0.114003,1.130222,1.152932
1483,0,0.119472,1.111764,0.971313
1484,0,0.111186,1.033377,1.247489
1485,0,0.114384,1.116996,1.214370
1486,0,0.118330,1.111470,1.171329
1487,0,0.145907,1.323178,1.041185
1488,0,0.141689,1.506175,1.457489
1489,0,0.123432,1.169116,1.328902
1490,0,0.111636,1.021826,1.159578
1491,0,0.133631,1.267488,0.911141
1492,0,0.130464,1.296833,1.020702
1493,0,0.144161,1.544783,1.508803
1494,0,0.124342,1.355431,1.264140
1495,0,0.130474,1.263531,1.083388
1496,0,0.138776,1.429588,1.208939
1497,0,0.125655,1.220083,1.068656
1498,0,0.108663,1.000213,1.098920
1499,0,0.102605,0.956483,1.162950
1500,0,0.124404,1.189485,1.225315
1501,0,0.124756,1.318948,1.389217
1502,0,0.144671,1.297654,1.011633
1503,0,0.130487,1.262657,0.964135
1504,0,0.108389,1.143890,1.369074
1505,0,0.109550,1.061604,1.280364
1506,0,0.109847,1.081298,1.079876
1507,0,0.130000,1.242765,1.325664
1508,0,0.084737,0.753109,0.970630
1509,0,0.115978,1.100349,1.118978
1510,0,0.113051,1.135397,1.016145
1511,0,0.140222,1.262251,1.228638
1512,0,0.116414,1.090481,1.165804
1513,0,0.120367,1.257838,1.037687
1514,0,0.115321,1.095271,1.292031
1515,0,0.116451,1.218376,1.390049
1516,0,0.143624,1.393220,0.886783
1517,0,0.124008,1.152409,1.229494
1518,0,0.124243,1.164933,1.156805
1519,0,0.129061,1.303012,1.083837
1520,0,0.113254,1.189091,1.199939
1521,0,0.174465,1.589563,1.100685
1522,0,0.139428,1.288693,1.029118
1523,0,0.145947,1.445077,1.370798
1524,0,0.140117,1.502446,1.821006
1525,0,0.115569,1.129418,1.234953
1526,0,0.110614,1.134587,1.125731
1527,0,0.132718,1.158695,1.100663
1528,0,0.127541,1.254079,1.164590
1529,0,0.119742,1.211974,1.043997
1530,0,0.126901,1.235197,1.265447
1531,0,0.125445,1.230340,1.235480
1532,0,0.132857,1.388691,1.476632
1533,0,0.101822,0.929297,0.845184
1534,0,0.138640,1.427914,1.425517
1535,0,0.115521,1.143462,1.205045
1536,0,0.137857,1.271423,0.912301
1537,0,0.125458,1.250927,1.191173
1538,0,0.125763,1.206080,1.211466
1539,0,0.103318,0.954334,1.180439
1540,0,0.130623,1.253711,1.186556
1541,0,0.127226,1.240783,1.009179
1542,0,0.108939,1.072070,1.095341
1543,0,0.126343,1.171882,1.143789
1544,0,0.131251,1.220265,1.558669
1545,0,0.149626,1.456599,1.792763
1546,0,0.102051,1.160825,1.307514
1547,0,0.127892,1.194759,1.175923
1548,0,0.131315,1.241630,1.148132
1549,0,0.135163,1.404971,1.520335
1550,0,0.121342,1.161115,0.990945
1551,0,0.150250,1.472799,1.007376
1552,0,0.150070,1.452835,1.359399
1553,0,0.143943,1.423421,0.968522
1554,0,0.152093,1.462946,0.857310
1555,0,0.127340,1.250614,1.241609
1556,0,0.113088,1.018498,0.890637
1557,0,0.120033,1.221207,1.307062
1558,0,0.112419,1.068184,1.017661
1559,0,0.132099,1.174740,1.176583
1560,0,0.143408,1.477476,1.637272
1561,0,0.124135,1.113273,1.269115
1562,0,0.118851,1.079816,1.007392
1563,0,0.132458,1.233123,1.390018
1564,0,0.128872,1.132048,1.348733
1565,0,0.150592,1.433663,0.895182
1566,0,0.131660,1.252225,1.237586
1567,0,0.136695,1.306838,0.867598
1568,0,0.120157,1.111084,1.380555
1569,0,0.102515,0.931956,1.067312
1570,0,0.109212,1.074762,1.167528
1571,0,0.120988,1.239279,1.404821
1572,0,0.113199,1.072411,0.994522
1573,0,0.125520,1.276411,1.187192
1574,0,0.119126,1.159624,1.242317
1575,0,0.126791,1.167495,1.276585
1576,0,0.149704,1.419299,0.997451
1577,0,0.124952,1.279096,1.301174
1578,0,0.178993,1.620646,0.911378
1579,0,0.118853,1.153002,1.176195
1580,0,0.156147,1.356777,0.957651
1581,0,0.120899,1.081992,0.981183
1582,0,0.137216,1.221446,1.251549
1583,0,0.124731,1.169444,1.169357
1584,0,0.118667,1.220177,1.222384
1585,0,0.125131,1.094079,0.914919
1586,0,0.113943,1.065520,1.032979
1587,0,0.121679,1.028980,1.229401
1588,0,0.106711,0.931743,1.083748
1589,0,0.115034,1.217796,1.320363
1590,0,0.145271,1.355693,0.821411
1591,0,0.164144,1.584155,1.050413
1592,0,0.125708,1.077443,1.001290
1593,0,0.120713,1.227330,1.310732
1594,0,0.157696,1.519721,1.064317
1595,0,0.145222,1.376397,0.986043
1596,0,0.138020,1.328254,1.838508
1597,0,0.121372,1.178421,1.210468
1598,0,0.121308,1.160671,1.270557
1599,0,0.122084,1.120827,0.863674
1600,0,0.107506,0.987744,1.147714
1601,0,0.114386,1.016865,0.901136
1602,0,0.120684,1.002840,1.128438
1603,0,0.114170,1.019866,1.292211
1604,0,0.150827,1.420276,1.679198
1605,0,0.121121,1.062732,1.203218
1606,0,0.119499,1.098397,1.189961
1607,0,0.113625,1.207397,1.175700
1608,0,0.091332,0.674670,0.647548
1609,0,0.131223,1.389898,1.448859
1610,0,0.120061,1.020745,0.902731
1611,0,0.142246,1.388021,1.288720
1612,0,0.120006,1.186736,1.199556
1613,0,0.138471,1.466467,1.191508
1614,0,0.129936,1.234903,1.307956
1615,0,0.117219,1.169391,1.190241
1616,0,0.122789,1.162817,1.368647
1617,0,0.115630,0.995957,1.191943
1618,0,0.142330,1.223178,1.053601
1619,0,0.146301,1.415786,0.905833
1620,0,0.153701,1.408919,0.959432
1621,0,0.142659,1.355902,1.022940
1622,0,0.172453,1.549212,1.033257
1623,0,0.132986,1.192992,1.053799
1624,0,0.110042,1.003247,1.188352
1625,0,0.124690,1.082215,1.100535
1626,0,0.118930,1.072182,1.020063
1627,0,0.105744,1.068833,1.037443
1628,0,0.115606,0.993666,0.999758
1629,0,0.113873,1.063224,1.244431
1630,0,0.126327,1.212050,1.238228
1631,0,0.110927,1.023546,1.189575
1632,0,0.140304,1.354708,1.118421
1633,0,0.139860,1.313380,1.034415
1634,0,0.105554,0.949905,0.966433
1635,0,0.140539,1.379076,1.382417
1636,0,0.116128,1.018617,0.935459
1637,0,0.123763,1.264084,1.127586
1638,0,0.115982,1.144644,1.171616
1639,0,0.143794,1.404506,1.000774
1640,0,0.115338,1.134432,1.148491
1641,0,0.113034,1.151102,1.043052
1642,0,0.139458,1.451011,1.784175
1643,0,0.128979,1.184141,1.246717
1644,0,0.131605,1.272331,1.092403
1645,0,0.126246,1.180243,1.289097
1646,0,0.109597,1.201720,1.315487
1647,0,0.108771,1.101634,1.251726
1648,0,0.144752,1.393140,0.794740
1649,0,0.146425,1.290622,1.008186
1650,0,0.116214,1.166923,1.280230
1651,0,0.134065,1.218556,1.037607
1652,0,0.123430,1.243821,1.214572
1653,0,0.110078,0.955003,0.849461
1654,0,0.140514,1.393603,1.395104
1655,0,0.122791,1.153794,1.370652
1656,0,0.146969,1.333992,0.942185
1657,0,0.119088,1.288740,1.284738
1658,0,0.113953,1.172223,1.301429
1659,0,0.123591,1.285485,1.271849
1660,0,0.136053,1.490364,1.583083
1661,0,0.131388,1.337387,1.297163
1662,0,0.130934,1.241514,1.198873
1663,0,0.161694,1.457735,0.957086
1664,0,0.123258,1.196115,1.007621
1665,0,0.134277,1.254613,0.901763
1666,0,0.106719,1.065684,1.052835
1667,0,0.123255,1.198291,0.997875
1668,0,0.138036,1.224406,1.162075
1669,0,0.122265,1.177293,1.045285
1670,0,0.134510,1.315585,1.038646
1671,0,0.128218,0.974101,1.172728
1672,0,0.135426,1.358016,0.992283
1673,0,0.128586,1.073869,1.230340
1674,0,0.110009,1.139682,1.187480
1675,0,0.134637,1.451614,1.486282
1676,0,0.135898,1.414556,1.462143
1677,0,0.093303,0.901582,0.841864
1678,0,0.117543,1.143270,1.040460
1679,0,0.134769,1.252707,0.928888
1680,0,0.115815,1.137296,1.257423
1681,0,0.115167,1.004797,1.047273
1682,0,0.116674,1.146149,1.235001
1683,0,0.136039,1.212829,1.000799
1684,0,0.119318,1.111241,1.227984
1685,0,0.111170,1.129036,1.063039
1686,0,0.175588,1.579363,1.153013
1687,0,0.148325,1.409029,1.025491
1688,0,0.138024,1.375097,1.485399
1689,0,0.120819,1.191874,1.365146
1690,0,0.138806,1.405922,1.625289
1691,0,0.131702,1.201776,1.032867
1692,0,0.149456,1.484136,1.756019
1693,0,0.110534,1.036847,1.051436
1694,0,0.120122,1.090514,0.878366
1695,0,0.137003,1.288667,1.038425
1696,0,0.154293,1.471329,1.061040
1697,0,0.111266,0.953140,0.944087
1698,0,0.117288,1.205502,1.236440
1699,0,0.129822,1.460571,1.652771
1700,0,0.130975,1.267149,1.020926
1701,0,0.123313,1.108129,1.078713
1702,0,0.151129,1.500733,1.025599
1703,0,0.124473,1.261615,1.238338
1704,0,0.125215,1.231162,0.951755
1705,0,0.141327,1.405472,1.118447
1706,0,0.114265,1.194449,1.424303
1707,0,0.107608,1.019886,1.348109
1708,0,0.126173,1.129321,1.189480
1709,0,0.119495,1.071853,1.145662
1710,0,0.116880,1.224165,1.278536
1711,0,0.141049,1.375879,1.141308
1712,0,0.127219,1.029143,1.322323
1713,0,0.119215,1.093600,0.984183
1714,0,0.149221,1.493244,1.154561
1715,0,0.105830,1.059550,1.240183
1716,0,0.139386,1.266597,0.997777
1717,0,0.140175,1.495378,1.158120
1718,0,0.128726,1.265950,1.376930
1719,0,0.121345,1.184788,1.195778
1720,0,0.133200,1.292000,1.031046
1721,0,0.116169,1.174813,1.397076
1722,0,0.120744,1.219498,1.373626
1723,0,0.131514,1.206375,1.082675
1724,0,0.140628,1.370490,1.029298
1725,0,0.125445,1.283522,1.048667
1726,0,0.120991,1.200338,1.055534
1727,0,0.106131,0.974953,1.201912
1728,0,0.133998,1.342044,1.147170
1729,0,0.113876,1.030415,1.213483
1730,0,0.129639,1.323909,1.490055
1731,0,0.139421,1.377375,1.367477
1732,0,0.129715,1.150939,1.146234
1733,0,0.108908,1.010965,0.876658
1734,0,0.113162,1.131894,0.976542
1735,0,0.123173,1.315564,1.375812
1736,0,0.146529,1.482871,1.309983
1737,0,0.109128,0.984093,0.862676
1738,0,0.111508,1.002083,1.312075
1739,0,0.106882,1.085085,0.961096
1740,0,0.114156,1.107526,1.321185
1741,0,0.118571,1.175235,1.103737
1742,0,0.122287,1.218214,1.175356
1743,0,0.125383,1.244023,1.136015
1744,0,0.138517,1.320149,1.128123
1745,0,0.108021,1.155964,1.114406
1746,0,0.152716,1.438932,1.001645
1747,0,0.129436,1.107574,1.200223
1748,0,0.147402,1.396730,1.067460
1749,0,0.107545,0.996109,1.040902
1750,0,0.147637,1.497255,1.183675
1751,0,0.108050,0.982951,1.112977
1752,0,0.142976,1.347983,1.670606
1753,0,0.126889,1.309799,1.240042
1754,0,0.138646,1.485729,1.535195
1755,0,0.130241,1.225838,0.996528
1756,0,0.112802,1.096444,1.332079
1757,0,0.119133,1.254345,1.059311
1758,0,0.111115,1.134978,1.343552
1759,0,0.121882,1.233516,1.068761
1760,0,0.153104,1.485537,1.083143
1761,0,0.135330,1.316935,1.118363
1762,0,0.118243,1.197310,1.153617
1763,0,0.130098,1.291934,1.432138
1764,0,0.124654,1.285214,1.489013
1765,0,0.131436,1.364577,1.302828
1766,0,0.129469,1.195970,1.143741
1767,0,0.137270,1.437796,1.627405
1768,0,0.129201,1.150501,1.317540
1769,0,0.115426,1.224172,1.224801
1770,0,0.124349,1.251222,1.187598
1771,0,0.118854,1.217506,1.303882
1772,0,0.133678,1.350928,1.494167
1773,0,0.128138,1.369806,1.436642
1774,0,0.129765,1.179357,0.949793
1775,0,0.134087,1.336574,1.086621
1776,0,0.127749,1.335702,1.349280
1777,0,0.139604,1.322083,1.829714
1778,0,0.139665,1.144838,0.940097
1779,0,0.115528,1.166451,1.345006
1780,0,0.149753,1.483362,1.803512
1781,0,0.146273,1.456885,1.731479
1782,0,0.140019,1.302017,1.003147
1783,0,0.150415,1.490298,0.999359
1784,0,0.140072,1.351766,0.892379
1785,0,0.109240,1.070962,1.237260
1786,0,0.115438,0.939937,1.234150
1787,0,0.175723,1.670121,0.891741
1788,0,0.147697,1.402909,0.962595
1789,0,0.113037,1.140667,1.190621
1790,0,0.121242,1.127377,1.052126
1791,0,0.120474,1.156229,1.209123
1792,0,0.127416,1.268010,0.986809
1793,0,0.119643,1.163775,1.290897
1794,0,0.117276,1.084359,1.128525
1795,0,0.096083,0.992240,1.141649
1796,0,0.128873,1.307640,0.926962
1797,0,0.125723,1.158915,1.105109
1798,0,0.152931,1.457480,0.971363
1799,0,0.134114,1.406840,1.548363
1800,0,0.117408,1.096621,1.076553
1801,0,0.129881,1.337686,1.458268
1802,0,0.109486,1.090596,0.990110
1803,0,0.143865,1.277790,0.978603
1804,0,0.121326,1.215523,1.363954
1805,0,0.118419,1.195767,0.984445
1806,0,0.116975,1.100830,1.240413
1807,0,0.113839,1.148394,1.177844
1808,0,0.108478,1.122300,1.044781
1809,0,0.137088,1.364170,1.225514
1810,0,0.121351,1.207460,1.409198
1811,0,0.096847,0.997539,1.184035
1812,0,0.117041,0.960518,1.018429
1813,0,0.095756,0.858591,0.980047
1814,0,0.116081,1.198643,1.303652
1815,0,0.109227,1.008036,1.331642
1816,0,0.121568,1.096639,1.281079
1817,0,0.146765,1.404946,0.915490
1818,0,0.130362,1.264338,1.054206
1819,0,0.113330,1.142084,1.297588
1820,0,0.107538,1.062418,1.103760
1821,0,0.132909,1.135160,1.251471
1822,0,0.109830,1.159485,1.177425
1823,0,0.127969,1.137784,1.293525
1824,0,0.126574,1.237326,1.138324
1825,0,0.120463,1.288407,1.135865
1826,0,0.121309,1.110052,1.020716
1827,0,0.166133,1.471340,0.922633
1828,0,0.155815,1.367340,1.467898
1829,0,0.125699,1.231281,1.009622
1830,0,0.108108,0.984090,1.069670
1831,0,0.140741,1.454701,1.092095
1832,0,0.135734,1.373943,1.138700
1833,0,0.140742,1.331091,1.660895
1834,0,0.114632,1.180756,1.372864
1835,0,0.134188,1.180093,1.217202
1836,0,0.147224,1.504631,1.076230
1837,0,0.134889,1.388560,1.410370
1838,0,0.124431,1.075911,0.898912
1839,0,0.124131,1.304711,1.320155
1840,0,0.140213,1.326782,0.993456
1841,0,0.130258,1.049733,1.056943
1842,0,0.120895,1.109517,1.340215
1843,0,0.138902,1.364664,1.429718
1844,0,0.099214,0.919523,0.948632
1845,0,0.118330,1.172687,1.182154
1846,0,0.135872,1.343226,0.936154
1847,0,0.125029,1.230865,1.199150
1848,0,0.122712,1.267213,1.140534
1849,0,0.147383,1.415646,1.145159
1850,0,0.100668,0.909332,1.062632
1851,0,0.123269,1.232604,1.414873
1852,0,0.114402,1.074247,1.197878
1853,0,0.100369,0.870220,1.017604
1854,0,0.117868,1.243485,1.197371
1855,0,0.150484,1.352859,1.000886
1856,0,0.157683,1.487714,0.992727
1857,0,0.145836,1.300554,0.916820
1858,0,0.127482,1.285135,0.993366
1859,0,0.117587,1.028829,0.990336
1860,0,0.117763,1.095097,1.085264
1861,0,0.140669,1.410122,1.107420
1862,0,0.125585,1.278765,1.291529
1863,0,0.120517,1.136804,1.363632
1864,0,0.135362,1.214495,1.216480
1865,0,0.128107,1.215300,1.240482
1866,0,0.127068,1.138501,1.195274
1867,0,0.111256,1.007802,0.953287
1868,0,0.117342,1.202242,1.247268
1869,0,0.122598,1.244614,1.274883
1870,0,0.110333,1.121703,1.129997
1871,0,0.130102,1.236807,1.347044
1872,0,0.131528,1.260041,1.207415
1873,0,0.120876,1.178637,1.063222
1874,0,0.124403,1.292780,1.146257
1875,0,0.133600,1.337207,1.226138
1876,0,0.121428,1.227752,1.075679
1877,0,0.108106,1.069150,1.233699
1878,0,0.144172,1.387053,0.961949
1879,0,0.142867,1.444479,1.048276
1880,0,0.116619,1.163383,1.256747
1881,0,0.137504,1.442262,1.413858
1882,0,0.120422,1.208508,1.188654
1883,0,0.118372,1.139492,1.070917
1884,0,0.127769,1.206333,1.076367
1885,0,0.125603,1.260489,1.186979
1886,0,0.128335,1.347396,1.419589
1887,0,0.121093,1.119293,1.031417
1888,0,0.142955,1.443823,1.036089
1889,0,0.117398,1.198834,1.208801
1890,0,0.116087,1.194021,1.180402
1891,0,0.124306,1.220653,1.276587
1892,0,0.113556,1.097096,1.230324
1893,0,0.114362,1.012827,1.042198
1894,0,0.116484,1.117379,1.079529
1895,0,0.104250,1.060912,1.047468
1896,0,0.133467,1.263601,1.376632
1897,0,0.116466,1.157850,1.364107
1898,0,0.140335,1.317961,1.270706
1899,0,0.109180,1.090597,0.976907
1900,0,0.116701,1.070170,1.148675
1901,0,0.167595,1.570158,0.941458
1902,0,0.135996,1.460711,1.621973
1903,0,0.111749,1.105663,1.264071
1904,0,0.121348,1.266767,1.282160
1905,0,0.135907,1.287848,1.180766
1906,0,0.118027,1.230280,1.354396
1907,0,0.115953,1.138963,1.301469
1908,0,0.131902,1.388867,1.488383
1909,0,0.120098,1.162430,1.020112
1910,0,0.131840,1.109399,1.267456
1911,0,0.128087,1.170473,1.232255
1912,0,0.145554,1.481617,1.118349
1913,0,0.158648,1.472889,0.977462
1914,0,0.120203,1.073965,1.239261
1915,0,0.113533,1.006007,1.003294
1916,0,0.137517,1.359797,1.069533
1917,0,0.139451,1.499564,1.737012
1918,0,0.110482,1.177138,1.366918
1919,0,0.132187,1.262093,0.991202
1920,0,0.136205,1.323761,1.248685
1921,0,0.128614,1.206025,1.037238
1922,0,0.102595,0.957128,0.899358
1923,0,0.145594,1.464932,1.793470
1924,0,0.116154,1.213868,1.336662
1925,0,0.112868,1.070532,1.244696
1926,0,0.163690,1.560568,0.913757
1927,0,0.122034,1.228290,1.234038
1928,0,0.130275,1.279078,0.929064
1929,0,0.125048,1.238520,1.239476
1930,0,0.111417,1.133191,1.263790
1931,0,0.108816,1.160160,1.372764
1932,0,0.115409,1.156502,1.283735
1933,0,0.140238,1.455469,1.476794
1934,0,0.132746,1.187410,0.868299
1935,0,0.106108,1.138635,1.256259
1936,0,0.108157,1.102289,1.351268
1937,0,0.133599,1.289087,1.364675
1938,0,0.131308,1.271802,1.699238
1939,0,0.137726,1.321460,1.481825
1940,0,0.127452,1.189757,1.206583
1941,0,0.113517,1.175553,1.206570
1942,0,0.124678,1.209437,1.125095
1943,0,0.117573,1.232017,1.144477
1944,0,0.099515,1.053035,1.156024
1945,0,0.139462,1.433473,1.637346
1946,0,0.133718,1.273070,1.384768
1947,0,0.127889,1.276407,1.244388
1948,0,0.136309,1.420979,1.423569
1949,0,0.132485,1.195592,1.163994
1950,0,0.115983,1.124623,1.317942
1951,0,0.136563,1.439717,1.619510
1952,0,0.135190,1.307275,1.471823
1953,0,0.109905,1.098088,1.110060
1954,0,0.156541,1.472461,0.959542
1955,0,0.121583,1.130103,1.095693
1956,0,0.106120,1.055627,1.216430
1957,0,0.128457,1.134993,1.082907
1958,0,0.134328,1.364214,1.039178
1959,0,0.127700,1.168411,0.929194
1960,0,0.110798,1.080598,1.363944
1961,0,0.114575,0.943312,1.103704
1962,0,0.125471,1.074201,1.325477
1963,0,0.104529,0.973737,0.818457
1964,0,0.113179,1.193289,1.147018
1965,0,0.109486,1.112222,1.231436
1966,0,0.109721,0.932105,0.869014
1967,0,0.117201,1.189634,1.148614
1968,0,0.128054,1.152147,1.055452
1969,0,0.135872,1.283779,1.069471
1970,0,0.124613,1.244342,1.230964
1971,0,0.127437,1.288958,1.394805
1972,0,0.122700,1.158371,1.072734
1973,0,0.125693,1.095746,0.956808
1974,0,0.133935,1.185628,0.904832
1975,0,0.135534,1.286052,1.108437
1976,0,0.115252,1.122826,1.338083
1977,0,0.122897,1.208485,1.139555
1978,0,0.139461,1.371121,1.242243
1979,0,0.129672,1.375816,1.485912
1980,0,0.134702,1.273858,0.939995
1981,0,0.119760,1.202690,1.108519
1982,0,0.131886,1.383120,1.554550
1983,0,0.128225,1.280307,1.300587
1984,0,0.100978,0.878626,1.025564
1985,0,0.139999,1.352310,1.047960
1986,0,0.119143,1.084023,1.188851
1987,0,0.145789,1.450077,1.458071
1988,0,0.127033,1.124166,1.062254
1989,0,0.154654,1.477357,1.042460
1990,0,0.117742,1.146776,1.100246
1991,0,0.128701,1.153767,1.096686
1992,0,0.124970,1.121882,1.136315
1993,0,0.122295,1.094059,1.139603
1994,0,0.131977,1.268875,0.968155
1995,0,0.125836,1.212021,1.289528
1996,0,0.112494,1.104509,1.312852
1997,0,0.123891,1.251904,1.138215
1998,0,0.148463,1.314876,1.274208
1999,0,0.118057,1.200848,1.063902
2000,0,0.114868,1.089786,1.047580
